Country Name,Country Code,2000,2001,2002,2003,2004,2005,2006,2007,2008,2009,2010,2011,2012,2013,2014,2015,2016,2017,2018,2019,2020,2021,2022,2023,2024,2025
Aruba,ABW,4.04402131190512,2.88360430316263,3.31524678585423,3.65636507938418,2.52912946932762,3.39778677828805,3.60802438784541,5.39256784475516,8.95598705177784,-2.13542872046937,2.07814071860786,4.31629742195203,0.627471992893372,-2.37206524252261,0.421440918881214,0.474763597342641,-0.93119598707956,-1.02828178762012,3.6260414135296,4.25746204335427,,,,,,
Africa Eastern and Southern,AFE,8.60148514851491,5.84035398311557,8.76375520313543,7.44970014007366,5.02342068616285,8.55803802239778,8.89816380214033,8.45077480635,12.5666446595157,8.95421802392949,5.53753791645676,8.97120640995788,9.15870843167905,5.74883133553454,5.52581923392517,5.09856164363687,6.44687722255584,6.22137528933118,4.6898064677633,4.10285075461156,5.19162942092851,6.82472709282067,10.8834775726018,7.39918558080627,4.77085731915833,4.27011140706666
Afghanistan,AFG,,,,,,12.6862687216715,6.78459655001655,8.68057078513406,26.4186641547444,-6.81116108898996,2.17853752389419,11.8041858089129,6.44121280934117,7.38577178397855,4.67399603536345,-0.661709164713742,4.38389195513915,4.97595150553833,0.626149149168847,2.30237251516834,5.60188791482224,5.13320340824963,13.7121023720065,-4.64470870797775,-6.60118564073726,
Africa Western and Central,AFW,2.53077516737997,4.36152914007256,3.18869330220589,1.76090410099629,0.694336305945758,5.63163351357613,4.41589984169561,3.60736767984596,8.45297623326755,3.28244037589321,1.78484420477113,4.01869907534492,4.57837463515948,2.43920076104126,1.76843582146224,2.13081738058791,1.48741550755546,1.72548602374731,1.78404994832044,1.98309228487232,2.49037783931949,3.74556782333009,7.94925143524016,5.22116801324002,3.60804426950566,1.65781767585277
Angola,AGO,324.996871601321,152.561022469299,108.897436089429,98.2241436573304,43.5421067519687,22.953513851394,13.3052101780032,12.2514974459487,12.4758291326398,13.7302839288408,14.4696564932577,13.4824679218511,10.2779049218839,8.77781429332624,7.28038730361121,9.35597215533784,30.6944150806719,29.8444799015679,19.6289379701521,17.080954143438,22.271539247051,25.7542948841891,21.3552901320822,13.6441017767715,28.2404948915772,20.1620197572331
Albania,ALB,0.0500181363468103,3.10758827031435,7.77052583431551,0.484002611818503,2.28001916938099,2.36658195679795,2.37072831904284,2.93268248162317,3.32087090389275,2.26692209450826,3.6271009151748,3.42807130141501,2.03159268395296,1.93762080205223,1.62586504402614,1.89617402592356,1.27543168367423,1.98666133171194,2.02805963071135,1.41109078954242,1.62088661717021,2.04147163139545,6.72520271530059,4.75834555150038,2.21587375089992,2.14618551167388
Arab World,ARB,1.85379035325277,1.77220437351017,1.83299389002049,2.71259247474352,3.63228004956625,3.49368534619531,3.54498591605033,4.74390639021648,11.2706652380848,2.92089711805367,3.91106195534028,4.7531638888563,4.6118443220664,3.25423910998847,2.89947905006057,1.83135233156369,2.22799991129428,2.06932928164424,2.30874696703938,1.33601568147656,1.44703656998741,2.86833027751015,5.17222088647606,4.00025877060152,2.30890057183497,1.76646490894206
United Arab Emirates,ARE,,,,,,,,,12.2504202448139,1.5618131744907,0.877983288285867,0.87734659568512,0.662268900269009,1.1011183637571,2.34626865671643,4.06996608361593,1.61748808904198,1.96682557818842,3.06863379251997,-1.93108114782173,-2.07940317940944,0.179935336174431,5.29122604376849,1.62670837213248,1.66336510224894,1.250865245598
Armenia,ARM,-0.790883768934757,3.1459046468502,1.06004929341667,4.7215533660534,6.96126135875795,0.638928002410097,2.89235662459004,4.40736089644516,8.94995335353387,3.40676682683801,8.17636138473952,7.65000807859294,2.55802007757907,5.78966778544651,2.98130868933672,3.73169119261693,-1.403607559009,0.969553268816138,2.52023382001638,1.44344660770698,1.21143577838465,7.18483629443371,8.64091108973855,1.98041877615554,0.269511978259125,3.30693341072904
Antigua and Barbuda,ATG,0.77177979690018,1.40279663573988,2.40765801293491,1.99353055152454,2.03007757853236,2.09875196709308,1.78778537419121,1.41605259409741,5.33380639820233,-0.550159995508914,3.37002540220148,3.4567496723461,3.37688044338874,1.05949782356169,1.08944157435355,0.968993458825638,-0.489437796230499,2.43248789041363,1.20715793367008,1.43135598182984,0.625989707046719,2.06299638545334,7.53107834634288,5.06713865364213,6.19886698842116,1.36873527521954
Australia,AUS,4.45743705920869,4.40712998561533,2.98157117047457,2.73259754838937,2.34325687131265,2.69182949622197,3.55528696972984,2.32761442623159,4.35029726664093,1.77112025681656,2.9183370211222,3.30384784681081,1.76278299052228,2.44988248109259,2.48792932080492,1.50836803138463,1.27699365720306,1.94864309065653,1.91140002818579,1.610770929127,0.846900734607273,2.86391284709318,6.59409658717841,5.59701792296707,3.16656665428797,2.87403791660173
Austria,AUT,2.34486285357281,2.65000077279529,1.81035787764129,1.35555370896445,2.0612061803287,2.29913785639286,1.44154851119017,2.16855528800757,3.2159503323988,0.506308827696504,1.81353438995062,3.2865791487538,2.48567562177015,2.00015616900597,1.60581182954474,0.89656333526032,0.891591752655362,2.08126911385587,1.99837981429549,1.53089564152644,1.38191063351854,2.7666666666667,8.54686993188458,7.81413417002831,2.93791574279376,3.52719439956928
Azerbaijan,AZE,1.80500303704356,1.5471959015228,2.7711647199827,2.23386492967049,6.70893042797786,9.6795073191705,8.32892482863209,16.6997549618244,20.8490871772712,1.45704835970321,5.72687224669605,7.8583333333334,1.06621339720303,2.41571745279419,1.37344181533176,4.02768573742726,12.4433748584372,12.9359184187335,2.26854690373999,2.61057182799215,2.75980947008127,6.65029912708779,13.8522590144267,8.78543049849081,2.21217188919901,5.62208788068338
Burundi,BDI,24.4320242102151,9.29618771341889,-1.3656800532806,10.6474645658306,8.17642937482053,13.2520699188224,2.74542000214241,8.41206285772544,24.4069510353914,10.5554355299529,6.49326591473993,9.5921660597967,18.1610453065451,7.93795807492418,4.40535234185293,5.54468891259779,5.55768961400965,16.0525353030392,-2.81469807668465,-0.686772170797359,7.32110643415521,8.40453845076341,18.8008786664945,26.9414835762453,20.2124925027847,34.1339985744832
Belgium,BEL,2.544517761909,2.46925823086083,1.64521436175361,1.58896399970372,2.09728311239316,2.78143263670029,1.79120770070454,1.8230563002681,4.48944420508404,-0.0531456741254177,2.18929920422458,3.5320821072274,2.83966343445899,1.1130959402754,0.340002833356922,0.561429152790158,1.97385264653163,2.12597086002616,2.05316499865178,1.43681956996438,0.740791812220344,2.44024851144084,9.597511728725,4.04901077613941,3.14349136500041,2.46705543774613
Benin,BEN,4.16540442290283,3.98429547767893,2.48916235491541,1.48724246145442,0.8738908308685,5.36452085832342,3.78217696540375,1.29806813334152,7.94729876067854,0.896072355749069,2.20783532536524,2.7042390774728,6.74468253340712,0.428888888888884,-0.548757550948181,0.218785923536245,-0.793310145785624,0.0432648555103608,0.919170717886054,0.732849371241066,3.02272119663759,1.73353962694036,1.35077863583527,2.73870078406075,1.16093089640415,1.10155247902978
Burkina Faso,BFA,-0.304212168486803,5.00743290822373,2.17569480664608,2.03456574053815,-0.400228702115452,6.41504018369684,2.3331085637222,-0.230627306273049,10.6597978997424,2.60817666368314,-0.764230734676768,2.75976724854534,3.8181524025238,0.533738507090536,-0.258089517535291,0.724838981070517,0.441041448058809,1.48299897161326,1.95594302672532,-3.23338933983322,1.88470066518847,3.65326761825509,14.2902354303358,0.742910428668918,4.19081721344523,-0.586235316330579
Bangladesh,BGD,2.20825620937535,2.0071737421384,3.33256493271913,5.66870773441476,7.5875363850469,7.04661816222039,6.76526117054757,9.10698496905383,8.90194489465154,5.42347236174679,8.12667639169917,11.3951651552399,6.21750422069284,7.53040640913172,6.99163889220849,6.19428022984984,5.51352572692995,5.70207015717239,5.54362139486476,5.59199639930629,5.69107474746211,5.54565430773473,7.69695437176898,9.8835030377921,10.4657482763412,8.7687628116114
Bulgaria,BGR,10.3162621289989,7.36093927231841,5.81014365721826,2.34864169582758,6.14713074246267,5.0388380711191,7.26159462769947,8.40253419005893,12.3487195994021,2.75320223914819,2.43899060504117,4.21990346601872,2.95456829831012,0.890093540913096,-1.4181838026484,-0.104633261008479,-0.798649886453617,2.06159619443141,2.81454473824838,3.10372944796771,1.67244096855756,3.29774435299506,15.3252589264367,9.44284140088564,2.44651943006079,4.58084355235697
Bahrain,BHR,-0.70485295309079,-1.20757180156659,-0.495540138751154,1.59362549800787,2.35294117647062,2.58620689655173,2.00746965452849,3.25666666666703,3.52600316363721,2.79551283550412,1.96188468334623,-0.40004069748808,2.75739669962979,3.30001156888442,2.64755321246189,1.84862742374977,2.78679347602044,1.38671830576406,2.08766938046978,1.00582004702137,-2.31770629331379,-0.60631938514085,3.62574104304482,0.0746206782192256,0.919635459817651,-0.137708855447902
"Bahamas, The",BHS,1.60632941740579,2.04498977505121,2.17357792508093,3.02504526252236,0.981914036757662,1.59160618079802,2.38982627439254,2.49257794939396,4.4895599537506,2.06273473452682,1.34402738392836,3.1987814166032,1.97336755976254,0.722414784530551,1.51375643050831,1.86148302863371,-0.346376929989397,1.51820700736147,2.26586346678736,2.49123527368046,0.0385210980054558,2.90491262928478,5.60540633583044,3.05291578969743,0.409162489083286,
Bosnia and Herzegovina,BIH,,,,,,,6.12556615620285,1.50077710611542,7.42704310332953,-0.381464282453057,1.99621236745887,3.67125,2.05267452001717,-0.0930456838317588,-0.897194054194333,-1.03602303425474,-1.58400833333336,0.810039425333895,1.41710814018034,0.56278215406123,-1.0512960076349,1.98163900587622,14.0208440826771,6.1059011284828,,
Belarus,BLR,168.620235850933,61.1349331618477,42.5375481348794,28.3978399133474,18.1082424937646,10.3388794457932,6.99712903535591,8.42675273505306,14.8378764828254,12.9456563410402,7.73574804312515,53.2286983118172,59.2197360232519,18.3122610377873,18.1195543526734,13.5344897649734,11.8365807653497,6.03183725177795,4.87230220550686,5.59815595039848,5.54814357456519,9.46028389623099,15.209675274081,5.0005990309131,5.78531910428005,6.59877945951182
Belize,BLZ,3.06743966930585,3.65141786561502,4.24026660688645,2.31808274663101,6.39443099742399,-1.1043104441191,-7.11376771265014,2.31808274642021,6.39443100250034,-1.10431044864355,0.917977378808888,1.602056156402,1.30058074547858,0.50974776898322,1.20139964481058,-0.861584009427748,0.663427167917601,1.14765339305816,0.269982622646335,0.187069385181424,0.121434644614894,3.23563659237071,6.27689319447544,4.38984017487675,3.28955985952768,1.06281547952896
Bolivia,BOL,4.60822998872598,1.58965377879568,0.92825885161107,3.33727499671534,4.43738080101725,5.39323106890663,4.28239604802561,8.70560923578869,14.0068107702519,3.34645420142014,2.50327605844241,9.88446419823883,4.51560291399376,5.73640023719607,5.76660074579144,4.05961041135645,3.62321431764138,2.8227580554717,2.27205987230155,1.83954504969026,0.940742153381849,0.737383721452275,1.74632872945969,2.57688800489192,5.09976568317427,19.517120804733
Brazil,BRA,7.04414105947266,6.84035902487523,8.45016437708331,14.7149197228147,6.59718509985963,6.86953720898964,4.18356812896909,3.64127299102652,5.67859390284168,4.88803479876799,5.03872690108075,6.6364496221309,5.40349914036997,6.20431066640101,6.32904015516139,9.02990102416136,8.73914352329393,3.44637335032669,3.66485028376729,3.73297621216894,3.21176803803376,8.30165975585673,9.28010608956873,4.59356282283204,4.36746407652337,5.01675279604836
Barbados,BRB,2.43581303489138,2.57783490431288,0.12524945805602,1.61943319838054,1.39442231075691,6.08218729535043,7.3076626282894,4.0342298288507,8.1081081081078,3.64386189258337,5.82421853311866,9.4322024017722,4.53334753888775,1.81410436049096,1.76950322089729,-1.11278992510958,1.28192813061895,4.66018463955995,3.1060057242059,1.67662473276988,,,,3.18718905472632,1.4464366430616,0.846576563196289
Brunei Darussalam,BRN,1.55815247634946,0.59589041095899,-2.31497242459321,0.299999999999967,0.814223994682613,1.24443711883965,0.159888078345121,0.967774119525101,2.08498023715415,1.03571774271613,0.356869132017561,0.13791156316954,0.111766261400307,0.389205053123632,-0.207108731719822,-0.488347420743522,-0.278693265753083,-1.2605056462896,1.02505179290212,-0.390522069165529,1.94031996607184,1.73341388450593,3.68225030604216,0.35706431153689,-0.388674165036461,-0.302994414446762
Bhutan,BTN,4.01212081070342,3.41478946111594,2.45535714285714,2.57230861693339,4.10593698272958,5.3126310463775,5.00045438022541,5.15611138758463,8.32716049382713,4.36112219119805,7.03638316073019,8.848985699468,10.919656944683,8.77638345268213,8.27106093949328,4.54814395082205,3.21988689395718,4.95508366985129,2.72396386183713,2.72643037388832,5.62936522632508,7.3468144053353,5.6391667139637,4.22934419929251,2.76131569624098,3.55513663074987
Botswana,BWA,8.60148514851491,6.55903767014862,8.03279662527486,9.18990265632739,6.94570363654675,8.6102252854644,11.5552187914379,7.08099847172693,12.7021883920076,8.02729703109582,6.94887658743103,8.45987233408583,7.53690261091916,5.88460707056817,4.40225309243427,3.06203169580558,2.81495791361944,3.30828076768219,3.23801558947715,2.77286442863321,1.8903591682421,7.24097765588442,11.665567478802,5.0676154934383,2.81835131676251,2.6597506179431
Central African Republic,CAF,3.20340091563112,3.83486060237362,2.33181703516235,4.13470905150996,-2.06640601136303,2.88352073359022,6.69526465773354,0.95991761945711,9.25895099417076,3.52126227238643,1.49102370047802,1.1944757244985,5.47829594346117,6.98879341970198,14.898684179755,1.40297017136816,4.94543276106518,4.18072331871267,1.61215686991555,2.68537355266787,1.71015659523153,4.25936417542868,5.58316735183247,2.97913852618937,1.47733600718744,1.00198012768088
Canada,CAN,2.71943995691976,2.52512013979906,2.25839440940855,2.75856321360112,1.85725871857256,2.21355203439767,2.00202539534161,2.13838399266837,2.37027067444299,0.299466803009299,1.77687154092627,2.91213508872351,1.51567823124517,0.938291897815317,1.90663590717861,1.12524136094277,1.42875954701085,1.59688412852977,2.26822567248103,1.94926902411593,0.716999632307827,3.39519318527528,6.80280115341613,3.87900159788426,2.38158383281173,2.07232411149103
Central Europe and the Baltics,CEB,8.91174418658757,5.74827981651373,3.12714222984609,2.34864169582758,3.5929759424951,3.31717824448043,3.93032603841001,4.83732928313989,6.3586638015237,2.75320223914819,1.80117022137138,4.13027562645085,3.33492267693442,1.4382978723404,0.0538213132399802,-0.464499004645003,-0.0549995416705683,2.07593553673859,2.53445424186598,2.6645613342544,1.67244096855756,3.83984491500146,14.6081439492433,9.44284140088564,2.75760909424279,3.81419531520146
Switzerland,CHE,1.55852919679008,0.989020329832545,0.642711506543278,0.63827293088719,0.802908730955226,1.17195420333703,1.05950928324805,0.732350603122236,2.42604117060157,-0.480481936423305,0.688238707219975,0.2313492076509,-0.692552018105163,-0.217323155115673,-0.0132025387515946,-1.14390867228178,-0.434618664285815,0.533787839825876,0.936335464113572,0.362886179940674,-0.725874933313403,0.581814168489856,2.83502798644451,2.13540088016387,1.06234041976595,0.154376978290185
Chile,CHL,3.84327295706565,3.56910053001467,2.48939816650705,2.8101787574361,1.05473871403517,3.05257621387849,3.39201733699405,4.40779938398044,8.71626873039607,0.353045178360937,1.41071107954321,3.34121694259302,3.00744840213047,1.7895555398459,4.71867527854672,4.34877353217044,3.78619355893118,2.18271846868519,2.43488981353057,2.55754475703327,3.04549084804326,4.52456838259144,11.643866711056,7.58168251407962,4.29763891572524,4.21293601694293
China,CHN,0.347811226864587,0.719125609120114,-0.731970902350244,1.12760348729637,3.82463743108159,1.77641407667571,1.6494309945586,4.81676767378834,5.92525137041092,-0.728165250932898,3.17532475269199,5.55389892257493,2.61952432645541,2.62105001748115,1.92164162788521,1.43702380935655,2.00000182191943,1.59313600071436,2.07479039965576,2.89923416358227,2.41942189457782,0.981015135544882,1.97357555739051,0.234836828893051,0.218128938439177,0.0595646916565403
Cote d'Ivoire,CIV,2.53077516737997,4.36152914007256,3.07726485157427,3.29680746974208,1.45798835600741,3.88583039886482,2.46719148596915,1.89200629349598,6.30852769152578,1.01950457731138,1.2264561213548,4.9124339505245,1.30451119915606,2.58117037252936,0.448682076766141,1.25149954781468,0.723178457513308,0.685881065304603,0.401297817263547,0.790855512053661,2.41252617189053,4.15919657911798,5.23352856100843,4.36972254867474,3.45053028131019,0.125038772593104
Cameroon,CMR,1.22719012976132,4.41977245881146,2.83442260128067,0.623163557374316,0.233647380067584,2.01353950175986,5.11757816019469,0.921402245650095,5.33780627627498,3.04361847939999,1.27538046242338,2.93969946305091,2.73529677529539,2.05034718001741,1.85489850366777,2.676235314199,0.874190383288856,0.64040914988195,1.0688581131292,2.45280214062732,2.43760882182236,2.27185762503637,6.24767713343861,7.38281384280984,4.53331349711606,3.40373458279055
"Congo, Rep.",COG,-0.881991517025431,0.0559899218140583,4.37875971780873,-0.631844987363156,2.42976607961799,3.09449011456182,6.53784395299604,2.65464645060703,4.95875092023152,4.41500374795223,0.391525011227612,1.75958704273803,5.01018773134471,4.63161619729461,0.912139545450097,3.16909796750829,3.19056179723773,0.450063823285546,1.15277896375523,2.20607305781525,1.79537147083108,1.7156427545126,3.04344334698478,4.30174563591016,3.09143630919166,2.40069559361747
Colombia,COL,9.22534818585366,7.96556090304834,6.35150728778872,7.1297886294186,5.90402005546502,5.05101962689696,4.29342363628927,5.54438485815156,6.99688495554511,4.20251661216482,2.27200227892008,3.4150334477625,3.16930188840055,2.01699224310383,2.89883787761738,4.9898311584953,7.51346024627675,4.31431325695011,3.24056932930569,3.52301932741447,2.52663500084706,3.49505757399448,10.1772313546166,11.7359044948689,6.60908593728228,5.14222911946201
Comoros,COM,,5.55459394816812,3.53304214308078,3.799081366719,4.47499289078107,3.0133239505812,3.37436360121204,4.46616710098132,1.7007817628453,4.36234829325719,3.35475770328919,1.8426630075619,6.31474450315177,-4.29487331536756,7.54755379096711,-0.11717388419007,0.797517430888487,-0.237362224154613,2.15155084413033,3.58213544469211,0.786641929499151,-0.0044179368234698,12.5320314570999,8.37373955490996,5.05192609588218,3.24909332306433
Cabo Verde,CPV,-2.47745668519835,3.34996472317894,1.88453410076765,1.18817038620528,-1.8908217230618,0.41889161285517,5.36907687065549,4.41099704193489,6.77443546371143,0.991103480568085,2.07866470906424,4.47388342165023,2.54039644167109,1.50654285701407,-0.238778144990624,0.131187999024545,-1.40781637091706,0.784415251101334,1.25699566690509,1.10666674296063,0.605795808395385,1.86215297494647,7.93092925430087,3.72437517668748,1.04817001091965,2.34333897365163
Costa Rica,CRI,10.9615496593622,11.2556157091172,9.16752048509119,9.44758091616984,12.3148150178852,13.7982949108987,11.4705968149052,9.35724456417157,13.4244635507284,7.84270167700654,5.66275708420021,4.87799830970702,4.49545314354605,5.23133614174428,4.51920098516954,0.801982005099623,-0.0174788505908217,1.62590692991732,2.22111461526581,2.09604635327807,0.724911478131376,1.72647755109241,8.27477490232654,0.525193508693455,-0.412853001047069,-0.073671440596217
Caribbean small states,CSS,2.3088156083548,2.60262402317311,2.10733447564151,2.19518237141616,2.35433222144196,3.6046180511121,3.4963141902432,3.94652952677361,7.21385213950187,0.213901348378942,3.31018474700138,3.32776554447465,2.50461059084482,1.08324168178149,1.14542060958206,-0.852705497033039,0.402621696824957,1.6992957045984,1.20715793367008,1.00054293027237,0.121434644614894,2.22891330700344,5.82838638517959,4.10449281822017,2.73620751873313,1.21577537737425
Curacao,CUW,,1.79282868525896,0.391389432485324,1.63371391441571,1.37912138094799,4.11711711711708,3.1149952409795,2.99572039942908,6.8763239367776,1.75331605427595,2.77944261312587,2.3325315256217,3.18398746349455,1.33232086152117,1.4987396961643,-0.476542049801405,-0.0472079848940293,1.58558801700345,2.58368756641814,2.62220783425059,,,,,,
Cyprus,CYP,4.14165764702055,1.97304191729917,2.80115505180745,4.13906538686852,2.28621706801678,2.56016132330235,2.30468732978553,2.37265183669718,4.66900841902491,0.326276652249793,2.43004084102251,3.2894493956421,2.38905410042326,-0.399357676464425,-1.35498885446315,-2.0969976905312,-1.42916666666665,0.531766496174467,1.43549119531759,0.250370996758493,-0.638422797978861,2.44608867175474,8.39548297993334,3.54134188751646,1.80023018624824,0.126528851920189
Czechia,CZE,3.77538829151729,4.66267556988258,1.90298097019027,0.118739205526815,2.76010781671153,1.85709789109228,2.53399258343633,2.8531243721117,6.3586638015237,1.0193773532923,1.47272727272728,1.9172191363555,3.28762306610411,1.4382978723404,0.343988589646794,0.309364548494975,0.683504209385703,2.4505339846014,2.14949494949493,2.84787595918041,3.1612952849781,3.83984491500146,15.1001651468371,10.6612601372427,2.43531202435314,2.45996367838865
Germany,DEU,1.44026838719741,1.98385731334471,1.42080615551526,1.03422218628562,1.66573696655992,1.54691114751328,1.57742642840563,2.29834400700951,2.62837981637219,0.312739007368447,1.1038103778926,2.07517283735874,2.00848884782956,1.50472330251876,0.906794000434246,0.514426137125456,0.491747008445174,1.50949485109628,1.73216879766942,1.44565976888253,0.144877925813982,3.06666666666673,6.87257438551097,5.94643667725823,2.2564981433876,2.17178770949721
Djibouti,DJI,,1.74665224985434,0.63761955366632,1.98196734627545,3.12226204699352,3.10496640148299,3.48340699677866,4.96597654553301,11.9586206896552,1.67549587285963,3.95007875923886,5.0687139477798,3.73120950756887,2.70603242872186,1.34186494340162,-0.522166521445793,2.4025290543489,0.577285724560661,0.138836400011405,3.31763203299603,1.77900535643955,1.18086783934059,5.17222088647606,1.44905087029086,2.1120116728497,-0.313731799533481
Dominica,DMA,0.856946805358483,1.3038940346596,0.170055330197681,1.45336800437251,2.39410982050298,1.68190079877553,2.2023913263167,3.63222129317821,6.35992183336295,0.0062635710706685,2.99936630549,1.1312313652648,1.3567714780886,-0.0464116468805992,0.799250372687492,-0.84382698463833,0.141816225732312,0.296252889279487,0.98919111918989,1.50462353858141,1.22026442242476,2.22891330700344,2.88490226829353,5.08677483158112,2.73620751873313,2.53385126107135
Denmark,DNK,2.90328203236461,2.33787000255263,2.42443661219695,2.07507820646506,1.15435693124934,1.81781458291254,1.92422138464584,1.69326586220324,3.41626794258374,1.30470991024336,2.31092436974786,2.7586822605125,2.3979148566464,0.789071780078062,0.56402054044954,0.452034153691575,0.250000000000031,1.14713216957602,0.813609467455631,0.75813157251162,0.420711974110025,1.85304543989689,7.6965669988926,3.30517811237606,1.37220049768926,1.89367372703044
Dominican Republic,DOM,7.72413566181616,8.88306848812961,5.22336769759447,27.4497127394395,51.4608598338065,4.19020260472056,7.57280523853074,6.14356655248047,10.6446210953712,1.44215131834353,6.32993220146146,5.79676809206533,3.69449707884777,4.830950967408,2.99864226125219,0.836746346724557,1.61416607245223,3.27955694678546,3.56443426013508,1.81060377042959,3.78103179915517,8.24300347981809,8.81109209279587,4.78561281021135,3.30223338951227,3.8731176804813
Algeria,DZA,0.339163189071768,4.22598834854673,1.41830192345051,4.268953958395,3.96180030257187,1.38244656662118,2.31149918514424,3.67899574741699,4.85859062814939,5.73706036145628,3.91106195534028,4.5242115050527,8.89145091062317,3.25423910998847,2.91692692067458,4.78444700693889,6.39769480268757,5.59111590961664,4.26999020467084,1.95176821052892,2.41513094083414,7.22606307415477,9.26551551551553,9.32217375928322,4.04611455313434,1.41835151429016
East Asia & Pacific (excluding high income),EAP,2.15851810619419,4.27267024465105,2.72277227722765,3.7036979752848,4.42677525782239,5.52861156446485,4.8663204883746,4.81676767378834,10.2266663272483,4.21903052064628,3.68901229670761,5.29573220295508,3.02696391124796,2.91354193603992,3.14299050879095,1.22393195511119,1.91731090233378,2.91263557371478,3.19834755924996,1.94257500833107,2.40629214387011,2.69891859529198,5.66964369895446,5.88585897042164,2.18151273615189,2.06264825470915
Early-demographic dividend,EAR,3.89952980284712,3.7508205747202,4.24026660688645,5.45293224327203,4.43526108410782,4.8217005071285,5.68713772607963,6.17781214809388,10.4469875128223,4.37376765455939,4.3974138315007,5.81149223300287,5.01827254237431,4.82778705505169,4.07392957476225,3.12900274473925,3.52317317628473,3.32817337461305,3.97561015740694,2.76252019386111,2.96354992076065,4.12676744440695,7.19861615609867,5.88585897042164,3.28955985952768,3.20550474112603
East Asia & Pacific,EAS,1.59196917460972,3.57755452095074,1.88572000240366,2.28915662650607,3.23751394003321,3.03702332617012,3.93616259929866,3.76400259181596,8.34208634920956,1.62173168533652,3.05730563962442,5.0214601462073,2.97190109848654,2.58268766141795,2.51087633253696,0.795279630579839,1.27699365720306,1.80034222468621,2.368549058067,1.71437095763401,0.846900734607273,2.47710241465447,5.51812928576938,4.25155508842779,2.27673550782623,1.9133344329508
Europe & Central Asia (excluding high income),ECA,15.9408124351877,8.35413777161344,5.58783730000794,4.95061559256828,6.92165787428847,7.87957982963887,7.663026931994,8.59146682238969,11.4275575758332,3.43674527945797,6.77774669133379,7.8583333333334,3.31605566687647,4.59787897363136,3.06881210379543,4.02768573742726,2.13492713939121,4.60357355778867,2.56572880132719,2.64328192719554,2.74615078213777,6.91756771076075,13.8875841659221,9.07365149809048,4.6705297488997,5.62208788068338
Europe & Central Asia,ECS,3.77538829151729,4.26287228873702,2.78615988589507,2.34864169582758,2.82947796214662,2.60932308197748,3.19288637808747,2.91598261872853,6.05974046339706,1.53607650014278,2.42447361791627,3.8561124468282,2.77333854051576,1.73403963519162,0.620490636732421,0.36804684232536,0.388838296895799,1.91558846458249,2.01321972250342,1.76373586528841,1.19998396936019,3.19017771027094,11.1136121878761,7.12042212089904,2.75760909424279,3.74577316751945
Ecuador,ECU,96.0963756926096,37.6767454518094,12.4835980082095,7.92936487461556,2.74323198926704,2.1682770118372,3.29874846258215,2.27618478002121,8.40009593987462,5.15996829181047,3.55437734567843,4.4745326579584,5.10172180958666,2.72177577710371,3.58922016616663,3.96664623255358,1.72826463324533,0.417335588666825,-0.224103246005552,0.266012515466155,-0.338872392562139,0.133251386096389,3.46616972213077,2.21568764237058,1.54732515615369,0.710469324989076
"Egypt, Arab Rep.",EGY,2.68380535348546,2.26975720475956,2.73723855000334,4.50777636319304,11.270619332052,4.86939696871988,7.64452644526434,9.3189690579923,18.3168316831684,11.7634954386443,11.2651882653185,10.0649259874818,7.11172943343083,9.46971981064921,10.0702154687481,10.370490343517,13.813606214829,29.5066083940039,14.4014657807422,9.15279959324804,5.04493288977539,5.21404940513043,13.8956609775178,33.8847763115546,28.2705899322083,14.0735136645934
Euro area,EMU,3.04210080667792,2.92949244324104,2.46532319171165,2.09847219146919,2.22567916428894,2.56016132330235,2.77378006481472,2.5106656524034,4.15279708110293,0.506308827696504,1.52551602118248,3.2894493956421,2.59741386039003,1.21999342274306,0.199343826570844,-0.104633261008479,0.148684907627373,1.38145871407216,1.70349794744479,1.44565976888253,0.219064904841985,2.52692009066166,8.54686993188458,5.94643667725823,2.2564981433876,2.46705543774613
Spain,ESP,3.43351563418764,3.58983413338117,3.06565685902211,3.03888839396661,3.03924881090924,3.36881409750383,3.51557576832123,2.7867974580495,4.0753433595734,-0.287813083535241,1.79986457728769,3.19610188833792,2.44612782366809,1.40858109183009,-0.151114837527235,-0.500365709903243,-0.202598000426358,1.95607633363954,1.67498136863799,0.699518994458648,-0.322753017299649,3.09313511976402,8.39057634118637,3.53236133492433,2.747147886618,2.699932857627
Estonia,EST,4.01848952508763,5.74827981651373,3.57191270164027,1.33499116549955,3.04811107523416,4.07971423199849,4.43762042389213,6.60132603055637,10.3623580313683,-0.0784083112809768,2.97204512015694,4.9819013145361,3.93339987296985,2.78056658954988,-0.10617514652171,-0.49232600654737,0.148684907627373,3.41723549488054,3.43632688420446,2.27725931243522,-0.44453109767983,4.65316673847473,19.3982634080616,9.15922507983982,3.5194118998392,4.82920753628342
Ethiopia,ETH,0.662458109266482,-8.23784453391137,0.675089102170801,13.6740452028272,3.32737047894847,9.96997123512892,12.2994763114825,17.2404008340898,44.3566858766952,8.48364404530282,8.14926402965082,33.2499598823344,23.600417677317,7.46402192944517,6.89001951597192,9.56889955968623,6.62813337230924,10.6871150284238,13.8330356586661,15.8096321719344,20.3563468559061,26.8395221557722,33.8898797100898,30.2188278135278,21.0377460577711,13.2296432836809
European Union,EUU,3.15076707022596,3.37396832213867,2.42443661219695,2.09199838997655,2.28621706801678,2.48769665164081,2.66631494577077,2.5106656524034,4.16497193524779,0.839262246793805,1.53112270420919,3.2894493956421,2.66284165508011,1.21999342274306,0.199343826570844,-0.0616446800641672,0.183334861123765,1.42910743319306,1.7386086198818,1.63052260754335,0.476498852725065,2.55450699642041,8.83369886749452,6.29942487419125,2.43531202435314,2.46705543774613
Finland,FIN,3.04210080667792,2.57844080098903,1.5712201278938,0.877440386254729,0.187120559084474,0.623874450025224,1.56666380704379,2.5106656524034,4.06595355358383,-9.17360424903996e-07,1.18413523154651,3.4168075425521,2.80833622561574,1.4782861568881,1.0411962117843,-0.207928839905177,0.356684500891695,0.754015047084438,1.08382098409296,1.02409392963431,0.290554555653239,2.19457432339998,7.12350773301412,6.25064322154763,1.56568906231616,0.337874659400574
Fiji,FJI,1.09216459977388,4.27267024465105,0.762032085561206,4.17274777763034,2.82748519391201,2.36576453830434,2.49083638787079,4.80370641306989,7.73227857918422,3.13103559015967,3.68901229670761,7.278117827085,3.42337523401979,2.91354193603992,0.519306474579107,1.37488542621447,3.86322538221278,3.34757834757831,4.08147637644543,1.79388647514555,-1.70014167847318,1.53454853751592,6.07882431529725,2.97544080604539,3.89084237884105,-1.38326833934224
France,FRA,1.67595988720928,1.63478079549599,1.92341228727064,2.09847219146919,2.14208964640239,1.74586936380487,1.67512449608726,1.4879980595386,2.81286194914785,0.0876204781574653,1.53112270420919,2.11159795175,1.9541953161351,0.863715497861804,0.50775882293799,0.0375143805125182,0.183334861123765,1.03228275064681,1.85081508315493,1.10825492288294,0.476498852725065,1.64233141038394,5.22236748369725,4.8783572650844,1.99904942291463,0.943770212469976
"Micronesia, Fed. Sts.",FSM,2.15851810619419,0.502497351294027,-0.111442426432945,0.126643348208903,2.27669698247304,4.25769978210942,4.63737008585635,3.30634278002699,8.42372566246186,6.39360257735201,3.31370963136217,5.08259403890371,5.01850353045616,1.75232737350762,0.650284891767944,-0.2981158373807,-1.03746806405349,0.58225373525489,1.49840023593737,1.92385170787923,0.554594630853174,3.19128406597466,5.40874375479067,,,
Gabon,GAB,0.504920025834859,2.13762052701465,0.0366828893971394,2.23535313551536,0.40820530743925,3.70833333333304,-1.4094013660098,5.03031883679951,5.26430145575285,1.88570754577918,1.46154402720469,1.26331707837421,2.65241828695626,0.505441058915615,4.69045751826284,-0.338795188753406,2.10670712784054,2.65192583143902,4.74906652083221,2.46456756151187,1.35276110675333,1.0869074651941,4.23124798274579,3.62901534185376,1.17311998381218,1.76766609003481
United Kingdom,GBR,1.18295624210408,1.53234960272418,1.52040245947455,1.37650038542013,1.39039756680422,2.0891364902507,2.4556616643929,2.38656150773327,3.52140856342539,1.96173173560109,2.49265472467065,3.8561124468282,2.5732347965453,2.29166666666659,1.45112016293279,0.36804684232536,1.0084173681141,2.55775577557747,2.29283990345938,1.73810460086513,0.989486703772491,2.51837109614213,7.92204883147902,6.79396706793963,3.2715729463592,3.88306881626
Georgia,GEO,4.06396201382596,4.64604442058634,5.58783730000794,0.837734531536568,5.65632636191132,8.24709043114158,9.16096508394497,9.24489745592404,9.99948761552747,1.7275146113791,7.11017897486099,8.5429333333333,-0.943658853270964,-0.512058410947092,3.06881210379543,4.00357820695097,2.13492713939121,6.03531725272117,2.6152447139767,4.85289821696723,5.2024648897534,9.56691433824769,11.8981654203198,2.48776056578715,1.10971758022096,3.8692132193969
Ghana,GHA,40.240933123914,41.509496287803,9.36093239560313,29.7729797160384,18.0427388232565,15.4389920155908,11.6791839392492,10.7342665456292,16.494639613412,19.2469482220857,10.7333898354915,8.7284593709302,11.1863409441067,11.6661923071729,15.4896160333318,17.1499695007878,17.4546347070868,12.3719215507048,7.80876516610703,7.14364003330857,9.88728956269944,9.9710886750444,31.2558951049016,38.1069656296501,22.8483281157842,14.2046755548989
Guinea,GIN,,,,,,31.3733025877534,34.6952705997072,18.1755656108597,23.065612938798,4.68438868976504,15.0502688559001,21.3169268542577,15.2262941038638,11.8875884481828,6.1505055670642,11.7800825029834,8.17268112275132,8.91435947913097,9.82761701259191,9.47001039253012,10.6016203387167,12.5972882566934,10.4930409984424,7.80497591927973,8.12313914948596,3.54630163142885
"Gambia, The",GMB,0.8449695667737,4.49259609239754,8.60912474386327,17.0328665431988,14.2067432845569,4.83862177543157,2.0565034236599,5.36913473801957,4.4436549094501,4.56150687670983,5.04968075857402,4.7958826618311,4.25432199813899,5.69912989637382,5.94799935696626,6.8084549457961,7.22879272057922,8.03418974545911,6.52096823946573,7.11567625631192,5.93127636562441,7.37034758876618,11.5131198380505,16.9742129632327,11.5610532897511,
Guinea-Bissau,GNB,8.63632094930278,3.34812265527108,3.30012175283752,-3.50258551103421,0.883302696930943,3.32919922802856,1.95473717628916,4.61743772241997,10.4600731354706,-1.65139733620775,2.51785140171701,5.046102263202,2.13054580274503,1.20712555668405,-1.50924460570494,1.47672048910485,1.50312055861088,1.69111461822298,0.381324702790992,0.24660026814783,1.14000939393222,2.24248879577658,9.39075933985203,7.10220928557059,3.76555825770114,0.874929691038717
Equatorial Guinea,GNQ,4.80228886901398,8.82538925854966,7.5924784983324,7.32354399351809,4.21968787094834,5.63163351357613,4.41589984169561,2.80373831775704,6.55176691184535,4.69106567747375,7.78916547991184,4.805389221557,3.65662048278806,2.94887694639662,4.30999866149107,1.67663085315988,1.41193915479015,0.74435474661241,1.06007410662171,1.53027528964189,4.76669523944228,-0.0971007664640198,4.78671704710803,2.85949506037322,2.92140227309103,
Greece,GRC,3.1511816249383,3.37396832213867,3.62935871878874,3.53065027765552,2.8988481075817,3.54507273335078,3.19594684144545,2.89500321516578,4.15279708110293,1.21007269197809,4.71298907760388,3.3298532335065,1.50152696177758,-0.921269454256994,-1.31226096405506,-1.73588804765284,-0.825653978390973,1.12125452031419,0.62562141345364,0.253007522038157,-1.24798355581405,1.22382501019854,9.64525981280632,3.46480128513405,2.74101875679486,2.48209745378857
Grenada,GRD,2.18181818181821,3.14099305202543,1.06721547992874,2.15492809908679,2.3129167822611,3.475806937554,4.25195321977967,3.85882922469653,8.0332732765034,-0.308654779585642,3.43650905943351,3.0334728033474,2.41077704021862,-0.0439997864828058,-0.98360305555498,-0.515448031435329,1.65038994431573,0.908458255874249,0.804102313277033,0.598149764736022,-0.740732597045498,1.21951193916838,2.5805392590792,2.69612269814564,1.08615365134737,0.610311975893833
Guatemala,GTM,5.97757734737136,7.28587366610138,8.13263054281054,5.60347675434469,7.57862247309729,9.1086498571922,6.56085282795384,6.82161753590326,11.355761126315,1.85910254733028,3.8595090983316,6.214123930671,3.78180754679678,4.34337131279521,3.4183616966296,2.3887203283955,4.44844199942827,4.42453655182546,3.75186186704508,3.69998398008605,3.21444062197345,4.26105127422813,6.88512823344287,6.20657592272126,2.86992752918294,1.48841591086169
Guyana,GUY,6.14854333024872,2.62741314203333,5.34101521377408,5.98097814066473,4.66846622369881,6.92554303890158,6.67715790410028,12.2001544446648,8.10202206969276,2.95230096381001,4.3005534033896,4.4073041447003,2.39057526653742,1.9111250917408,0.683700250354637,-0.865401289233742,0.826177341246544,1.94571617739331,1.25128567037044,2.11238986774464,0.722434045501787,4.50619858925893,6.93346066500816,2.82159393090811,2.90379501424778,3.32982339132475
High income,HIC,2.71943995691976,2.62741314203333,2.11628413580454,2.06537075200125,2.20673661423657,2.65848484065262,2.72004750529275,2.85289842680654,4.66900841902491,1.61510464058236,2.13371996141622,3.4137454766178,2.71011917735495,1.50472330251876,1.0411962117843,0.330027165141066,0.394769306686392,1.58909413567799,1.88110755567036,1.61520141548374,0.598986330824643,2.51837109614213,7.53107834634288,4.73151302622883,2.38158383281173,2.34898778499373
"Hong Kong SAR, China",HKG,-3.68550368550369,-1.65816326530609,-2.98313878080415,-2.67379679144394,-0.274725274725253,0.826446280991827,2.00025160397534,2.03502713369511,4.30315484104921,0.579441418472608,2.29289088604673,5.3052489299392,4.05390950903844,4.33799342105267,4.42364532019699,2.99084819322581,2.40930743862224,1.49387243939522,2.40613432046534,2.88320853773996,0.2509620210808,1.56875834445922,1.88136707196853,2.09660511249089,1.72972119105914,1.43633540372673
Honduras,HND,11.0480349344976,9.67415556864781,7.6905097203429,7.67416639397743,8.11379097093383,8.80906074819817,5.57775207654292,6.93621470895786,11.4034270813932,5.49634273772203,4.69889064976232,6.7622795731476,5.19618615531848,5.16189898581494,6.12924930313031,3.15783117980915,2.72461223295289,3.93436084442037,4.34734937777536,4.36587159819274,3.46841177951171,4.48087963413446,9.08963911525032,6.66325180347463,4.60621098127101,4.59657982325258
Heavily indebted poor countries (HIPC),HPC,4.16540442290283,4.60374621964682,3.8957052575849,5.30238773219936,4.47499289078107,8.16954604881263,6.73993060387505,7.25410841304887,10.6597978997424,4.36234829325719,4.69889064976232,6.4293968107234,6.31474450315177,5.16189898581494,4.40535234185293,3.55075967356746,4.38389195513915,4.5783374121255,3.01748181031406,2.83514555687506,3.47617372722187,4.37012190478157,9.65914753785069,7.12697482131851,4.60621098127101,3.40373458279055
Croatia,HRV,4.61131554737801,3.77670246665889,1.67178437393384,1.76733780760629,2.05539679050328,3.31717824448043,3.18982591472949,2.89928275583389,6.07696838798352,2.37852845904671,1.03055505333576,2.27272727272722,3.41207349081368,2.21658206429779,-0.215196159576176,-0.464499004645003,-1.12500000000002,1.12937210282347,1.50012501041747,0.771820346498112,0.154811374562106,2.55450699642041,10.7805806758686,7.94128177586822,2.97200477643626,3.69153459605729
Haiti,HTI,9.33322197565603,13.31672224251,7.03287406224601,28.6995777887374,21.0318339277222,13.973008326384,11.3452152244299,6.55722772638066,15.2817744823772,0.393886040173341,4.82734190074673,6.33279483849042,5.01804155429246,4.76502404779142,3.43816659958601,6.73184069658997,11.5029073942666,10.6800887242584,12.4814111170435,18.7037825672506,22.7963113642528,16.8415240198785,33.98393194707,36.8135162780854,26.9490564091987,28.6427976686095
Hungary,HUN,9.80361016908125,9.11680911680911,5.26544821583985,4.66101694915254,6.74434679569469,3.56151711378352,3.93032603841001,7.9587451654491,6.0425125388106,4.21171171171171,4.85555795691956,3.9299209893507,5.65214517088646,1.73319984983101,-0.227566270988219,-0.0616446800641672,0.394769306686392,2.34824281150154,2.85024792594646,3.33858635382008,3.32674385766738,5.11096534382855,14.6081439492433,17.1249659678737,3.70370370370369,4.41198445905562
IBRD only,IBD,4.68757013735526,5.39883985897829,4.1500586166472,4.09500376698844,4.69938972474513,4.90328350926892,5.64087772156342,5.43249256550149,9.41346312169848,3.73014786563159,4.11211139315219,5.55389892257493,4.2795142691943,3.89555152647667,3.50379093139812,3.09551722027242,2.12081713361588,3.32389447576097,3.20720069534783,2.51105615927257,2.41513094083414,4.27166381536798,9.10437983075437,5.87451911590197,3.54713144937457,3.68256369784336
IDA & IBRD total,IBT,4.18234633956545,5.00743290822373,3.8957052575849,4.52733824219011,4.46346840736576,6.08218729535043,6.12556615620285,6.14356655248047,10.2783937621135,3.9989545184994,4.15672722680174,5.79301069011207,5.00686319367273,4.3411548980431,3.52566203758282,3.12900274473925,2.81495791361944,3.33787586109568,3.08668284239473,2.6806827895334,2.8981937602627,4.25936417542868,9.08963911525032,6.09114152504141,3.62770736940927,3.51074539609587
IDA total,IDA,3.86106534185509,4.41977245881146,3.82293995768478,5.30297697364859,4.37623907077312,6.83633265892877,6.2410332814282,6.55722772638066,10.7156661309681,4.32909396037581,4.3005534033896,6.33279483849042,5.59607014268585,4.88516387595471,3.52566203758282,3.15783117980915,3.21988689395718,3.85067166284727,2.84578376094084,2.74447528387472,3.47617372722187,4.17270582217659,8.6807215073403,7.10220928557059,3.89084237884105,3.36462189317825
IDA blend,IDB,2.79910741834291,4.31709969236181,2.95584372642747,2.91413470059479,2.82748519391201,3.475806937554,4.25195321977967,4.41099704193489,8.0332732765034,1.01950457731138,3.3434265756174,4.47388342165023,4.17763587102515,2.58117037252936,1.20139964481058,1.37488542621447,1.65038994431573,1.14765339305816,2.48030843191907,1.9999797664804,2.1039488213608,3.46677876951929,6.64110132423665,4.56457719814894,3.45053028131019,2.40069559361747
Indonesia,IDN,3.68862037056682,11.5001160550887,11.9001200338414,6.75731256333564,6.06406189133648,10.4532001873347,13.108670985346,6.40656087966005,10.2266663272483,4.38641311792074,5.13420639015885,5.35604849112582,4.2795142691943,6.41249457900391,6.39492882396559,6.36312061196646,3.52580452815451,3.80879857691949,3.19834755924996,3.03058460941661,1.91983527270793,1.56007882983334,4.20946463714784,3.66938654859761,2.18151273615189,1.9133344329508
IDA only,IDX,4.08876261680312,4.7148963468961,4.60574757807992,5.70700931874738,4.66846622369881,7.20288349647587,6.73026291414056,7.13981139139829,11.4846669599236,4.53017659132801,4.82734190074673,6.7395240045165,6.05143662139967,5.16189898581494,4.40535234185293,3.40274327737188,3.74103082110771,4.31421134623784,3.01748181031406,3.09261003373251,3.94180326908065,4.37012190478157,9.57337118555953,7.12142371831339,4.25632834866278,3.55071913108936
India,IND,4.0094359104519,3.77929312235637,4.29715203929562,3.80585899528853,3.76725173477517,4.24634362031924,5.79652337561634,6.37288135593231,8.34926704907575,10.8823529411764,11.9893899204245,8.9117933648336,9.47899691419793,10.0178784746104,6.66565671867899,4.90697344127249,4.94821634062134,3.32817337461305,3.93882646691643,3.72950573539123,6.6234367762853,5.13140747176364,6.69903414079858,5.64914318907925,4.95303550973661,2.39884954182294
Ireland,IRL,5.57763269940387,4.85280279607477,4.62820512820515,3.49221909079765,2.17854605730523,2.45654692931639,3.93576114001354,4.88574537540802,4.03568834941391,-4.44754686876746,-0.918388645376774,2.5489783020855,1.69474116680366,0.515099484900573,0.190916398713745,-0.330959783371788,0.0201247735963237,0.362173038229378,0.471130713712916,0.937842961189274,-0.326183651280033,2.34034113447044,7.82945736434105,6.29942487419125,2.11344999577317,2.21044788475857
"Iran, Islamic Rep.",IRN,14.4767513188567,11.2742471332117,14.3359337378404,16.4680116244792,14.7615086970672,13.433118008508,10.0158982511924,17.3410404624277,25.4105090311987,13.5515548281506,10.0893629287979,26.2933856738608,27.2568127242908,36.6030355191029,16.6065532357449,12.4846815611533,7.24542548952979,8.04492437660278,18.0141183371874,39.9073455697784,30.5941390387295,43.3890162681514,43.4884641742179,44.5791857572797,32.455871402917,42.1712244965444
Iraq,IRQ,4.97896213183731,16.3740814963262,19.316694601979,33.6162105992383,26.9619068193271,36.9594809201871,53.230962911428,-10.0674925768978,12.6628528269228,6.87361547212555,2.42986826837753,5.6040514426601,6.0890964159516,1.87949800749416,2.23597407904726,1.39333028780268,0.556521397155548,0.184058898847553,0.367441488936828,-0.198965380023882,0.574162679425856,6.04186489058043,4.9947659638103,4.35835351089595,2.6116961151764,0.303454715219382
Iceland,ISL,5.13647123245144,6.40508550386868,5.1970223021663,2.05566329753744,3.15819324298459,3.98704782806593,6.68707906136667,5.05155736492143,12.6943942775877,12.0031298461743,5.39673113167484,4.0010266434312,5.18589988750698,3.8722792374824,2.04461481539342,1.63305558181335,1.69692761997734,1.76041559180605,2.68291768267392,3.01397179156061,2.84792401518657,4.44423970189746,8.30875511558912,8.73630299937298,5.85683849970072,4.09085056006515
Israel,ISR,1.03263640999489,1.12302839116721,5.80234589468429,0.70763061681807,-0.421595034547416,1.34070328119492,2.05407914587443,0.466226972936065,4.52744765138651,3.3676231727125,2.70270270270273,3.48837209302323,1.67553715750052,1.58976347421476,0.467557251908503,-0.617342577642765,-0.535168195718695,0.249807840123008,0.805060379528526,0.817645940292794,-0.575254620897756,1.47965474722561,4.41162725488371,4.22522603168918,3.07480889805025,3.0414132155654
Italy,ITA,2.53768532095002,2.78516542713554,2.46532319171165,2.6725555277285,2.20673661423657,1.9852929852798,2.09084391012754,1.82974112202403,3.34783258401022,0.774768131387381,1.52551602118248,2.78063272879323,3.04136333226775,1.21999342274306,0.241047429826756,0.0387903996579733,-0.09401665691575,1.22653316645812,1.13748763600391,0.611246943765304,-0.13770757391651,1.87378325762481,8.20128991161718,5.62219442195901,0.982373023061417,1.5316682765282
Jamaica,JAM,8.17108356120225,6.8019093078759,7.07635009310985,10.0869565217391,13.5545023696682,15.0528658875905,8.56106408706157,9.24482067275562,22.0228384991843,9.59224598930482,12.6105519975603,7.555856465809,6.87397708674309,9.34150076569673,8.27407886231419,3.69154228855725,2.35102197485846,4.37839864991561,3.73663882152163,3.90510000865872,5.2267777929352,5.86278242801063,10.3495688391272,6.47413734662063,5.41194447981659,4.00459048079239
Jordan,JOR,0.66688092559796,1.77220437351017,1.83299389002049,1.62999999999998,3.36186821476601,3.49368534619531,6.25172466656443,4.74390639021648,13.9712310012729,-0.739069743144777,4.84551875852116,4.1624416292779,4.5152295667099,4.82462314269537,2.89947905006057,-0.876851359704049,-0.778430463054142,3.32389447576097,4.46231108475481,0.761514047265601,0.333294350628378,1.34609377243118,4.22915568897117,2.08486986327134,1.55659611283953,1.76646490894206
Japan,JPN,-0.676578683595175,-0.740055504162738,-0.923494026942321,-0.256541816316025,-0.0085733882031027,-0.282946068764391,0.249355116079085,0.060039454498669,1.3800788616492,-1.35283672951719,-0.728243207517779,-0.27245561610124,-0.0440645104432602,0.335037912184741,2.75922671353253,0.795279630579839,-0.127258844489754,0.484199796126385,0.989094598021848,0.46877615938395,-0.024995834027731,-0.233352779398264,2.49770278172255,3.26813365933163,2.73853681635241,3.17253034260248
Kazakhstan,KAZ,13.1808905865731,8.35413777161344,5.83692452105643,6.4382181011894,6.88205438981899,7.57999929125766,8.72169386091726,10.8468362075557,17.139899777207,7.31607858288578,7.40046356341396,8.4529046617679,5.19568369035073,5.94283871648418,6.84944977003358,6.67828585615236,14.3610942386248,7.44266321306792,6.16366247577762,5.33356098916669,6.71815454861458,8.04147134028401,15.0278644440851,14.5275597825952,8.69082156104494,11.3879454675914
Kenya,KEN,9.98002515350979,5.73859814341467,1.96130821739162,9.81569062979654,11.6240355442426,10.3127783574683,14.4537342081708,9.75888023027529,26.2398166445063,9.23412592394652,3.96138889115385,14.0224913014704,9.37777003547598,5.71749357037733,6.87815499275949,6.58215429284779,6.29724953814625,8.00564967709945,4.6898064677633,5.23963795764792,5.40516207933392,6.10793603659176,7.65986268272224,7.67139634029402,4.48978854243448,4.06912878540729
Kyrgyz Republic,KGZ,18.7007342838023,6.9196798942304,2.13420986310243,2.97461295184355,4.11065084723381,4.3386739184431,5.55212333162542,10.2301032660484,24.5201024234102,6.83656248105368,7.96772225579684,16.6363262731495,2.76844236540957,6.61375202358082,7.5342472977589,6.50331838993384,0.388838296895799,3.1753098637994,1.54266145238436,1.13362257718804,6.32542296338078,11.9050398185147,13.9229093174176,10.7532770416742,4.99760701207323,8.21496013406325
Cambodia,KHM,-0.791992529473567,-0.600648300123686,0.211466568022607,0.94174611779921,4.31933677434786,6.61525912001587,5.81068550464306,8.70882770568049,24.096851930605,-1.24171754189637,3.99639528107218,5.4784474961745,2.93431609293951,2.94162509547349,3.85568861424207,1.22393195511119,3.01913975139128,2.91263557371478,2.45908515380146,1.94257500833107,2.9402951426397,2.92073477592949,5.34370264895437,2.12746796594194,0.808042016536654,2.35127105896507
Kiribati,KIR,,,,,,,,3.59252131266417,13.6653995252441,9.81643884508657,-3.89955040651649,1.4974097987597,-3.04586292775571,-1.488059084681,2.10398520925043,0.572015743634256,1.91731090233378,0.355520888546828,0.564030491493476,-1.81307995302947,2.5532455441463,2.05361676773907,5.34595440908904,9.28307374517721,2.45545072159028,
St. Kitts and Nevis,KNA,2.14885532743696,2.30344748349255,2.04109102620208,2.23543664374553,2.31455462238093,3.37781903988238,8.48748575845879,4.48088608614726,5.30029675072584,2.05793709041836,0.850878649795844,5.8351651957086,0.816089281562459,1.10698554000129,0.247865392364942,-2.30187563045616,-0.687037123294039,0.694916711613604,-1.03712214131572,-0.329562063663977,-1.16724501769353,1.195688870384,2.66817533111249,3.55711230848243,,
"Korea, Rep.",KOR,2.25916580080157,4.06657587897792,2.76226210296599,3.51487451459939,3.59066298882578,2.75379162735039,2.24234028518921,2.53457382137932,4.67389655533408,2.7564965449393,2.93928652655686,4.0259650043609,2.18707104433314,1.30134754547413,1.27477446401322,0.70633177245575,0.971685739912168,1.94433230786366,1.47583935002645,0.383000303608136,0.537288023411737,2.49833333333339,5.08951365062842,3.5974562502901,2.32174328643542,2.12309421458659
Kuwait,KWT,1.81294613887089,1.29999999999999,0.888450148074907,0.961350293542112,1.24856443679889,4.14297583631023,3.05701339166722,5.48494983277596,10.5827097865144,4.60959548447787,4.49640287769787,4.8394034987095,3.25514600287211,2.68229684085039,2.90892672858625,3.27170166092133,3.19839776658374,2.17183298510006,0.543133148199567,1.09184802655856,2.101729548274,3.42362947609188,3.98064961990313,3.64216403030709,2.89855072463762,2.36195936682045
Latin America & Caribbean (excluding high income),LAC,7.05702729099891,6.58482368511314,5.12704751455371,5.45293224327203,5.29621445194822,4.87098416796732,4.26717463390264,5.84397570531601,9.23316888222976,2.59194673430567,3.8595090983316,5.79676809206533,4.11150981070289,2.76789666082002,3.43816659958601,3.15783117980915,2.8217078474766,3.36296514855608,3.40250179472038,2.50460959460401,2.52663500084706,4.27166381536798,8.81109209279587,5.08677483158112,3.83540271728533,3.1702688841681
Lao PDR,LAO,25.0846414281315,7.81180794783471,10.6313446323333,15.4893529233525,10.4622667314208,7.16541759946639,6.54559439052787,4.66197269469701,7.62880887577516,0.141187674980385,5.98254521550082,7.5689885610998,4.2551267783209,6.37142717782947,4.12924306873771,1.27735427102992,1.59691227583204,0.825478607568026,2.04039266890201,3.32255881256925,5.10407262959919,3.75562036658877,22.9562225132056,31.2301341732646,23.1305695942588,7.74226936553695
Liberia,LBR,,,14.1596470116325,10.3302881236823,7.82908704883235,10.8343588481414,7.34144608278558,11.3918966807102,17.489448642993,7.42764305914919,7.28992796890218,8.488167518494,6.83178703418548,7.577306817414,9.86111285574904,7.74869687621322,8.83424868336488,12.4196323907138,23.5635148953742,26.9662760197878,16.9557241496255,7.81559385858648,7.59298486560313,10.0944535665552,8.21497439118964,8.31564329402952
Libya,LBY,-2.90000000000024,-8.81393752145546,-9.79764705882356,-2.19115191986647,-2.19756774055898,2.65020576131657,1.45926876202722,6.25098782993553,10.3607288954998,2.45990025609954,2.79989500109265,15.5184815317562,6.05980392156855,2.60581802719517,2.43294141599233,10.4022933588151,25.853874212446,25.8036184788337,13.1702038536722,-2.16217883470591,1.44703656998741,2.86833027751015,4.51030149235695,2.3731753143518,2.12615766885021,1.84166666666702
St. Lucia,LCA,3.7107860871361,5.30722081028547,-0.255536626916508,1.03425372426221,1.46036814425245,3.89827370759476,2.39562082529168,2.82310373736929,5.54954769383937,-0.156936087168669,3.25034409180129,2.76940794144093,4.17763587102515,1.46856511035428,3.51695551369241,-0.983600952696996,-3.07821765676927,0.104262078958441,1.93561893150602,0.539087559191757,-1.75580833517594,2.41070312174393,9.65268564265764,3.81914546156358,-0.674240853418779,2.02709512086274
Latin America & Caribbean,LCN,4.60822998872598,4.05508061344645,3.95011663721593,3.73373566167644,4.38032286534608,4.44057565687913,4.25195321977967,4.57808572377153,8.1081081081078,2.50049988756384,3.49128872618809,4.87799830970702,3.78180754679678,2.5286478853837,3.38341272749477,1.86148302863371,1.65038994431573,2.19201010962985,2.37951733360489,2.18225589066245,1.49389017299587,3.87805442411131,8.08552554700602,4.63202285403356,3.46497037946077,2.30758626602756
Least developed countries: UN classification,LDC,3.89952980284712,4.7148963468961,4.46426400734842,6.48943208673338,4.53421374129692,7.5640806170987,6.85246617854622,7.78556896236768,11.010388006835,4.56150687670983,5.04968075857402,6.61038986512481,6.31474450315177,5.52412877994266,4.40535234185293,3.40274327737188,5.34414600997244,4.5725365531752,3.46147484973729,3.32255881256925,4.33296874711709,4.15649125482107,9.45801281304023,7.12697482131851,4.6850965426577,3.36462189317825
Low income,LIC,3.82260088086306,4.49259609239754,4.16647225497473,6.96956611340352,4.21376268767905,8.47728859116324,7.32606110920211,7.9522099086403,12.0508555482886,5.20701729805784,4.72354729503736,8.0554950734896,7.17420534041191,5.76277967044681,4.5223320279748,5.54468891259779,6.03575858154679,8.44429373841891,3.43946902997592,3.10773229242274,5.60188791482224,5.81225118787715,10.2794018093421,8.5006507858837,7.91416611716344,4.3684695014615
Sri Lanka,LKA,6.17627591012045,14.15845579912,9.55103167007251,6.31463787051174,7.57592582995856,11.6396860971118,10.0201836057035,15.8421114924843,22.5644955300126,3.46496322106074,6.2176488930462,6.7167684358854,7.54291373239437,6.90845034828452,3.1790022823606,3.76836783062096,3.9588884659307,7.70413767850602,2.135037737132,3.52839358231811,6.15394508391738,7.01478071238195,49.7211021114327,16.5411742279832,-0.42936004906973,-4.76386036960983
Lower middle income,LMC,4.26603446790982,4.41977245881146,3.75017465778466,5.30238773219936,4.43738080101725,5.37887596361502,5.941702150993,6.93621470895786,10.7614182326827,4.41500374795223,4.85113088859311,6.4293968107234,6.05143662139967,5.60092502290401,5.37028961008587,3.99737996694396,3.62321431764138,3.85067166284727,4.29159105337875,3.58213544469211,4.97809676252309,4.48087963413446,7.96757361617945,7.52710509155193,4.65491747661456,3.54630163142885
Low & middle income,LMY,4.03804141226469,5.00743290822373,4.20946950296717,5.12899499422419,4.47499289078107,6.42129648219885,5.941702150993,6.21439998901471,10.3288523588126,4.21903052064628,4.27707052915122,6.24243848031396,5.01850353045616,4.76502404779142,3.58922016616663,3.1937715520338,3.10485077431451,3.66699702675925,3.24056932930569,2.76252019386111,3.02272119663759,4.25936417542868,8.81109209279587,6.15623852560203,3.83540271728533,3.54555214890893
Lesotho,LSO,6.13197538722696,-9.61615353858472,33.812578338126,6.62916357146762,5.02342068616285,3.43788423057443,6.07271879734293,8.01243669043409,10.7156661309681,-16.8596910540644,-2.40524254598706,5.0366305210156,6.05143662139967,4.86511899496385,5.37028961008587,3.21844513655931,6.59650490696543,4.447699373763,4.7518030162474,5.18708359197982,4.97809676252309,6.04774591950676,8.27180389943028,6.34221743124953,6.10544624245032,4.27011140706666
Late-demographic dividend,LTE,4.10280983042326,4.64604442058634,2.80115505180745,3.23464817293925,3.85730391367399,4.14297583631023,4.3655220300907,5.43875883876556,8.95598705177784,3.04166827698484,3.29777961339846,4.37073559939223,3.31605566687647,2.68229684085039,2.04461481539342,1.5579071134626,1.10920805807027,2.17727572689262,2.4744634711843,2.16993433856378,1.93694126694223,3.49505757399448,9.10437983075437,5.86910359896119,2.90379501424778,3.74577316751945
Lithuania,LTU,0.981615478857598,1.36712030817819,0.281506610345575,-1.13430854990247,1.16410252104671,2.65848484065262,3.73912004060664,5.73717382799842,10.9258856241655,4.45304456518535,1.31921362055463,4.13027562645085,3.08998277055417,1.04747937065344,0.103758009433708,-0.884097405500596,0.905525075460342,3.72288862303707,2.69792779208394,2.33450937988027,1.19989444983569,4.68354420903453,19.7050461518394,9.11731962390475,0.715735835228723,3.79170510860467
Luxembourg,LUX,3.15076707022596,2.66382110579101,2.07408613571643,2.04984030563516,2.22567916428894,2.48769665164081,2.66631494577077,2.31245861786126,3.4018796302557,0.368041997888867,2.27367911621542,3.4106834106835,2.66284165508011,1.73403963519162,0.628543985440717,0.474743161437871,0.290833333333225,1.73079959118896,1.5281952430737,1.74332075653848,0.819957302127036,2.52692009066166,6.33600807777919,3.74140361983136,2.05113269954859,2.25723817871726
Latvia,LVA,2.65425477796048,2.48704003555464,1.93887573855886,2.94264752948478,6.19238547197429,6.74845027893124,6.53619908765872,10.0929775849169,15.4023191064986,3.53410672858934,-1.08463595015155,4.37073559939223,2.25778924374585,-0.029454778257828,0.620490636732421,0.174242243625186,0.140633334505327,2.93036312374665,2.53445424186598,2.81140920075624,0.219064904841985,3.27582937431165,17.3102830198815,8.9380462331663,1.26579885828729,3.74577316751945
"Macao SAR, China",MAC,-1.60971883961897,-1.98465008641646,-2.63751699816198,-1.56245203671305,0.980728452039451,4.39589284335674,5.14997337750692,5.57149689143952,8.61101858637,1.16906695453767,2.80947242060843,5.80624616691043,6.10738928336549,5.50057779178484,6.04823452094076,4.56056338028173,2.36895749705898,1.22812404052809,3.00446293166953,2.75193081051975,0.811410511491512,0.0264543647055504,1.04502802369954,0.476384495788075,0.672498598854365,0.333311677308542
Morocco,MAR,1.89463456763464,0.619801875297975,2.79561966936936,1.16773367477592,1.49344403381774,0.982641660015951,3.28476166954811,2.04208512673344,3.71484311494064,0.971862998667636,0.993557401226392,0.9069249096918,1.28712240079219,1.88065466724086,0.442310053557048,1.5579071134626,1.63531114327064,0.754663249323619,1.80391671141896,0.303386036590383,0.705968661338261,1.40195883962006,6.65704202759067,6.09114152504141,0.985256592004507,0.701902154839545
Moldova,MDA,31.2993015817784,9.76466285757623,5.30124390261601,11.7460792058232,12.5242768428228,11.9591837222127,12.777755783035,12.3671668414302,12.7830472618821,-0.0627185967109007,7.48385086350853,7.68725103356181,4.54633427355302,4.59787897363136,5.08878554625869,9.67624033101859,6.35930898037931,6.57022997455604,3.04505397337058,4.83778351428729,3.76597122245358,5.10641129002836,28.7372976766236,13.41701043813,4.67773516007048,7.75904124001159
Madagascar,MDG,11.859684500028,7.91694484529586,16.4985255315846,-1.70400479616298,13.9558018033211,18.3638246468932,10.7656371554865,10.2879663187671,9.29650839381057,8.95421802392949,9.24732173644116,9.48254048582992,5.71384434191053,5.8264294445198,6.08040811088302,7.40419174202129,6.03575858154679,8.60905075422949,8.59422958870476,5.61051441492365,4.20179312190557,5.81225118787715,8.16059031991844,9.87432675044888,7.61335784313723,8.05052431791227
Maldives,MDV,-1.17475681175946,0.67257737006247,4.1786723990479,-1.26065113450354,-1.68541212459466,1.30027500930997,2.73842131602099,6.79477353930168,12.0414583505108,4.53017659132801,6.14988536750173,11.2734146055937,10.884695658563,3.8056300091943,2.12000175718134,0.953206658777607,0.502509413611612,2.81747338234509,-0.133373386117595,0.220029731065383,-1.36977425569811,0.543149688737013,2.3305404647725,2.90372427754586,1.41093527910134,4.00578494118752
"Middle East, North Africa, Afghanistan & Pakistan",MEA,1.85379035325277,1.75942831168225,2.01074218531299,2.12326619508507,3.24206513087977,3.49368534619531,3.54498591605033,4.74390639021648,12.1045204672346,2.92089711805367,3.74915727597096,4.7531638888563,4.5152295667099,3.25423910998847,2.64755321246189,1.6859921764201,2.5395603776654,2.06932928164424,1.94579304594437,1.33601568147656,1.44703656998741,2.86833027751015,5.17222088647606,4.22522603168918,2.12615766885021,2.08420853585036
Mexico,MEX,9.49156149435403,6.36773806235037,5.03072733151295,4.54690012118718,4.68840884843143,3.98805714597437,3.62946762439132,3.96684905458235,5.12498274575896,5.29735584228856,4.15672722680174,3.40737824605742,4.11150981070289,3.80639069747204,4.01861608078679,2.72064064964023,2.8217078474766,6.04145724018986,4.89935015356551,3.63596142127046,3.39683415570006,5.68920847683753,7.8962761916855,5.52796087314389,4.72225588452932,3.80668650726485
Middle income,MIC,4.16540442290283,5.17317662983333,4.20946950296717,4.54690012118718,4.53421374129692,5.04279485978429,5.51867769956796,6.14356655248047,10.0662418245849,3.71360592035809,4.11211139315219,5.95209761898392,4.54633427355302,4.34337131279521,3.53436856147324,3.12900274473925,2.66824816969082,3.32817337461305,3.24056932930569,2.72643037388832,2.65664643301128,4.14298201176246,8.32008377271927,6.083192685419,3.6045220384796,3.45723998944321
North Macedonia,MKD,6.60742291038536,5.19888525744048,2.31459794083216,0.855562122724219,-0.448650206551934,0.525515950714247,3.21362929606345,2.2517579830545,8.33189666968108,-0.739633963061192,1.50997522027613,3.9047542206974,3.31605566687647,2.78500056726109,-0.281705032928494,-0.299920475631462,-0.239290787684501,1.35161889677442,1.45831298507126,0.766439573459805,1.20007348888469,3.23074912132928,14.2047173195833,9.36187249769015,3.48974086026954,4.07249176848348
Mali,MLI,-0.677661659046769,5.18701191944068,5.03282275711194,-1.34672619047621,-3.09978128063957,6.39788293897883,1.54352596927582,1.41200201714577,9.17098813667678,2.46375188572299,1.10892690670186,2.95564395229392,5.32312847064058,-0.606736356351563,0.883814547137841,1.45069057605961,-1.79964707083386,1.75985742927165,0.299546507387843,-1.65826694846365,0.438088940320669,3.92560283104277,9.62147608489064,2.05880228274223,3.2063986409966,3.27823540357584
Malta,MLT,2.36959287531806,2.92949244324104,2.18849048060549,1.30383777442602,2.79082848067754,3.00796652450313,2.77378006481472,1.24921923797629,4.25862171897073,2.08432746082343,1.51563513618532,2.9629852819288,2.37582057760386,1.1802843636655,0.310306472181665,1.10054826378929,0.642702771527304,1.36435448150708,1.15782362451517,1.6420600176894,0.638544956776712,1.49789217934724,6.15375621933037,5.09396758978883,1.65079469283109,2.36351752252186
Myanmar,MMR,-0.109165514668565,21.101305376923,57.0745112621703,36.5897175323924,4.53421374129692,9.36861814196704,19.9964873359214,35.0245970717698,26.7995371934022,1.47234311385647,7.71838195873614,5.0214601462073,1.46758322674679,5.64303883425501,4.953299184844,9.45417189526018,6.92882525816076,4.5725365531752,6.87232865662935,8.82506696804558,,,,,,
"Middle East, North Africa, Afghanistan & Pakistan (excluding high income)",MNA,2.74100213892152,2.26975720475956,2.73723855000334,4.268953958395,3.96180030257187,4.4883238379396,6.51816060829049,4.85494146787474,13.3170419140979,2.92089711805367,3.95007875923886,5.0687139477798,6.44121280934117,4.82462314269537,2.91692692067458,2.04361764300244,3.69725926870481,4.64865184428512,4.36615064471282,2.65388100453608,2.41513094083414,5.21404940513043,8.30646124447623,6.09114152504141,4.04611455313434,2.69360940778798
Montenegro,MNE,,,,,,,2.92451258123648,4.34712215656112,8.75872769588798,3.46672373207793,0.654946570148479,3.4501431124869,4.14524724981119,2.20589268141178,-0.710514051710227,1.54869158222486,-0.271385023385176,2.3802359905313,2.611223782638,0.361563704540767,-0.255655699848551,2.41080198403165,13.0403036347004,8.58476910455403,3.33675009282281,3.89960910704956
Mongolia,MNG,11.5955387593327,6.27736020484006,0.91707468718427,5.12899499422419,8.24115449417619,12.7165674066053,5.09516661663157,9.63096309630964,27.9556650246306,7.6195059351941,10.0462065881651,8.41121495327101,14.3303348325838,10.4906567588241,12.2539808129759,5.73568281938327,0.733272227314397,4.30143105302342,6.82424790145522,7.30106953550729,3.7237230614026,7.35894657888155,15.1509728200805,10.347583131434,6.1977990165842,8.60536487369695
Mozambique,MOZ,,,,,,6.42755278070087,13.2450879070999,8.48948675497455,14.5028053002268,3.78861330914625,12.4255421735156,11.1666056127874,2.60245456956618,4.26135250941963,2.55974875844295,3.55075967356746,17.4180418197597,15.1132073899384,3.91133439990729,2.80270307928111,3.48393567493204,6.40847652975692,10.2794018093421,7.12697482131851,4.07856834812022,4.3684695014615
Mauritania,MRT,3.25406745833358,4.7148963468961,3.8957052575849,5.15190150769578,10.3676233473073,12.1256487185541,6.2410332814282,7.25410841304887,7.34663541249786,2.22092032381779,6.28354087427704,5.68631959575954,4.90242727217997,4.12910173783393,3.53436856147324,3.25472688117631,1.47171045650004,2.25427651934813,3.06735996058356,2.30009262117937,2.3856948845632,3.56516484650185,9.52526628622843,4.95305034506872,2.49164347481972,1.54796926167072
Mauritius,MUS,4.19928825622807,5.38934426229508,6.41933372221149,3.92105357558188,4.71037060105883,4.93717004981795,8.91350105650142,8.82729272393294,9.73228317146887,2.51609128145113,2.93236301369857,6.52249254869341,3.85216033315983,3.54329573934839,3.21769191994684,1.28654970760232,0.977675134718965,3.66699702675925,3.2160538314457,0.405655190309553,2.5808007718283,4.02852888157376,10.7737512242899,7.05298238454736,3.6045220384796,3.67359279962943
Malawi,MWI,29.5814884631684,22.7,14.7446346101603,9.57679786919214,11.4298060822124,15.4103446604296,13.9742943548388,7.9522099086403,8.71260186609043,8.42204427696655,7.41159092883827,7.6228226284852,21.2712650013779,27.2833333333334,23.7920649469687,21.8673475542553,21.7111132136499,11.5433939188771,12.420178108921,9.3708360560567,8.62551469650552,9.33014410835212,20.953969729969,28.7897428247298,32.1796504225025,28.3702565330281
Malaysia,MYS,1.53474023697699,1.41678473206098,1.80787246281536,1.08967632577286,1.42127115937402,2.97507092684449,3.60923564224389,2.02735317779569,5.44078221100769,0.583308405623702,1.62285235577035,3.1744709215131,1.66357102479206,2.10501231233612,3.14299050879095,2.10438980238359,2.09056659525742,3.87120115774237,0.884709160571235,0.662891865764326,-1.1387021539305,2.47710241465447,3.37869862549928,2.48886560125754,1.834100204499,1.38060872293692
North America,NAC,3.04814861420953,2.67564562932656,1.92221301795728,2.51432909348113,2.26724770583214,2.80314943994659,2.61398474802283,2.49552823708488,3.10468548554699,-0.0280397316452242,1.70845749165809,3.03448832867276,1.79250774825292,1.20156227672124,1.76442944229339,0.621934248247613,1.34517137635811,1.86349706609469,2.3554044847046,1.88073954968807,0.97529201430706,4.04652602445635,7.40280048696867,3.99766999081457,2.6655545188319,
Namibia,NAM,,,,7.1361531145863,4.13663213144748,2.28194607024307,4.96116689298916,6.54788141101717,9.0946430719281,9.45172651521705,4.8749198764395,5.005595180812,6.72199777334886,5.60092502290401,5.35016966859602,3.39401538410559,6.72858234593338,6.14579981111164,4.29159105337875,3.72239414422695,2.20938236933469,3.61690530108814,6.08128114112413,5.87993463284275,4.23903922877036,3.51074539609587
Niger,NER,2.90014973599108,4.00551428352678,2.62886597938136,-1.61440769175596,0.262543757292838,7.7974978178644,0.0404858299595074,0.0539592607581562,11.3051098827019,0.582906590801122,0.804073080882659,2.9423851401332,0.455089820359289,2.29723114955317,-0.930287259984466,-0.576090369833189,1.65388922387806,2.79637318871284,2.96760366004456,-2.48979265070855,2.8981937602627,3.8378680284051,4.22621791916392,3.70097316425834,9.07151997725013,-4.45470804102568
Nigeria,NGA,6.9332921556516,18.8736462093863,12.8765792031099,14.0317836131437,14.9980338183251,17.8634933661605,8.22743678120907,5.38610421570143,11.583054796681,12.5379242951095,13.7400521363694,10.8261371880018,12.2242413020582,8.49551838265678,8.04741087967907,9.00943498007706,15.6968126387972,16.5022662139641,12.0951065173432,11.3964223378115,13.2460234276598,16.9528457221608,18.8471877843274,24.659550203114,33.2416590552749,23.0101235833333
Nicaragua,NIC,7.06991352252517,5.98604186279518,3.75017465778466,5.30238773219936,8.47021063584077,9.59909986064425,9.1401996677772,11.1269347446118,19.8262031287429,3.68700160498797,5.45513425887423,8.082387980991,7.1935505333896,7.13546785289407,6.03596861798425,3.99737996694396,3.52317317628473,3.85067166284727,4.94723728039886,5.37628990844126,3.68181341625572,4.92841396948968,10.4674244465991,8.38765854872536,4.62473841057141,2.08132127098376
Netherlands,NLD,2.36052233801958,4.15584127195612,3.28753104712766,2.09199838997655,1.26364739183177,1.6881301786962,1.10150106517709,1.61385859802102,2.48650198289457,1.18977687021548,1.27530569556679,2.34107017751373,2.45554765291614,2.50689852657875,0.976035079699679,0.600248147278776,0.316666666666652,1.38145871407216,1.70349794744479,2.63369910249591,1.27246037789161,2.67572008805385,10.0012078753473,3.83839354342808,3.34754304219953,3.2595766451366
Norway,NOR,3.08550609131279,3.00419703998233,1.28672528415184,2.48782553461781,0.454498502220863,1.53213367609249,2.3293498075755,0.712589073634201,3.75393081761005,2.19738586853568,2.41890639481003,1.2849515880916,0.696864111498263,2.12048620353112,2.04170286707211,2.17113665389527,3.55000000000007,1.87510059552545,2.76483134528797,2.16773003305411,1.28658490707996,3.48388055266669,5.76412317852272,5.51784987104659,3.14530134431081,3.05562484410077
Nepal,NPL,2.47882020709136,2.6883037354563,3.02939948714892,5.70700931874738,2.8418113124898,6.83633265892877,6.92033580707589,2.26921924439074,9.9078300530648,11.0948237386987,9.32650410745395,9.2270754612596,9.45980980357125,9.04016311917645,8.36415469659563,7.86890895590891,8.7903433200464,2.77703998300211,4.40659410175714,5.56616035243723,5.05635826238499,4.12676744440695,7.6702057938028,7.11587261530826,4.6850965426577,2.65334269811436
New Zealand,NZL,2.6152344624632,2.62581630392903,2.67709257711605,1.75357444759557,2.29024902847571,3.03702332617012,3.36540196171993,2.37614310290659,3.9589493731206,2.1156511055456,2.30202385958572,4.0279066739204,1.05991318445632,1.13442266445817,1.227507505974,0.292704628136101,0.646240284454524,1.85078767452536,1.59829703801696,1.61963190184048,1.71456170007245,3.94112060778728,7.17222476016441,5.73316283034957,2.92279782301957,2.8397963180572
OECD members,OED,3.06380344899535,3.1890826810605,2.47736067910935,2.18428358241517,2.25796409638232,2.4721217904786,2.60015376460355,2.48470438812865,4.11407022033817,1.10457711175389,1.807352305661,3.37429759432522,2.52945520915772,1.45156526398378,0.624517311086569,0.338705695410168,0.443258157565783,1.82264336059067,1.93246766472803,1.74071267870181,0.73285164517586,2.81528975687994,8.23803240697186,5.67767862615429,2.75237849043039,2.8397963180572
Oman,OMN,,-0.816666666666656,-0.279578822571373,0.231328682267143,0.624969062631367,1.90983553531865,3.54498591605033,5.8304841809271,12.3754091529912,3.46881023754893,3.25657959078624,4.0421886711639,2.94773495257209,1.05354820265932,1.01401483924156,0.0652901330286599,1.10920805807027,1.58909413567799,0.889312370970404,0.490815362820671,-0.40640291946585,1.68221185876085,2.5061425061425,0.950782997762827,0.593589236248469,0.967741935483928
Other small states,OSS,4.08007358605409,4.40206686170551,3.16709859744411,2.57230861693339,3.14022764498905,3.01064523754217,3.48340699677866,5.05155736492143,9.06423621948942,2.51609128145113,2.97204512015694,4.47388342165023,4.14524724981119,2.78056658954988,1.34186494340162,0.953206658777607,0.642702771527304,1.76041559180605,2.611223782638,1.6420600176894,0.712593443137932,2.4284453278932,7.46811935414937,5.51293808804143,2.08742660145219,2.8063054227931
Pakistan,PAK,4.36666451291681,3.14826144590618,3.29034472613153,2.91413470059479,7.44462469342739,9.06332737030417,7.92108440058789,7.59868441050774,20.2861210929554,13.6477650639761,12.9388705634889,11.9160927116277,9.68235186055684,7.69215611899565,7.18938402847028,2.52932817254229,3.7651191635658,4.08537368032608,5.07805725868917,10.5780305672025,9.74011619320125,9.49641577285205,19.8738599646655,30.7681280657005,12.6325318530452,3.54555214890893
Panama,PAN,1.49896111605778,0.307062436028722,1.00583090379039,0.391666666666709,0.474723078204362,2.85588324760957,2.45789346442102,4.1686330029888,8.7586831772878,2.40905304082201,3.49128872618809,5.87580243678763,5.69819959165993,4.02715991571061,2.62652699929143,0.137492058461588,0.73973402529995,0.875585918759963,0.761578359399945,-0.355083821021246,-1.55027540803761,1.63070337301898,2.85965128834711,1.48641355277038,0.69322555100446,-0.189587880235675
Peru,PER,3.75733833344474,1.97709878502053,0.193135003853722,2.25937753363072,3.66247320092233,1.61630193862544,2.00225801248819,1.77998644680372,5.78587598206755,2.936231535967,1.52832059732901,3.36931095333853,3.61121294940163,2.76789666082002,3.41194579807465,3.39809194746308,3.55717663556279,2.99490045809443,1.50915423024742,2.25212191358027,2.00241205759292,4.27166381536798,8.33370630096231,6.45561348369586,2.00770739412712,1.53125450314273
Philippines,PHL,3.9771250324928,5.34550195567142,2.72277227722765,2.28915662650607,4.82921083627795,6.51685393258433,5.4852320675105,2.90000000000003,8.26044703595725,4.21903052064628,3.78983634797591,4.7184170471842,3.02696391124796,2.58268766141795,3.59782343864211,0.674192536845408,1.25369880080982,2.85318772590947,5.30934661627707,2.39206534422404,2.3931623931624,3.92718022100332,5.82115811213955,5.97802515541409,3.21260487006347,1.6587364525509
Palau,PLW,,,-1.30123617436562,0.922874093605824,4.96407576747217,3.9514623522091,4.42981143370254,3.23875035826881,11.9655746807329,1.43813538308953,1.44219017355169,4.6746987951807,3.61418047882138,3.35481004221287,4.19174548581256,0.949040643697081,-1.04230533415074,1.4179881966692,2.10970464135017,0.26737967914444,0.218181818181833,2.6124818577648,12.3526638378124,12.8199748216534,2.23172772921704,-0.418410041841039
Papua New Guinea,PNG,15.5958933107535,9.29817332783968,11.7994470972606,14.7090779663557,2.15893131266946,1.78080439925826,2.3684623841683,0.91135045567524,10.7614182326827,6.91832532601224,6.01360893567856,4.44083401028971,4.53720508166972,4.9603174603175,5.22211720226841,5.99595778127107,6.6737288135593,5.42204568023834,4.37448921453162,3.92867290939597,4.87167398565555,4.48359014042398,5.25323922215241,2.29869991296791,0.602403921107917,4.42141364166485
Poland,POL,9.90017538843065,5.4083354556615,1.90528215048054,0.682701375787632,3.38264681884699,2.18379872390251,1.28469394366416,2.4587431238539,4.16497193524779,3.79539242483399,2.58069370250548,4.23940149625932,3.56037151702793,0.991982606332335,0.0538213132399802,-0.874125874125862,-0.664767331433962,2.07593553673859,1.81295156542689,2.22747880938291,3.37446972618589,5.05502704719272,14.4294507575758,11.5289127961105,3.79060897630197,3.81419531520146
Pre-demographic dividend,PRE,4.16540442290283,5.07745045522496,4.37875971780873,5.2277338613968,4.10703593955402,7.7974978178644,6.69526465773354,5.99590755876365,10.2876847921194,4.56150687670983,3.97655288478168,6.4293968107234,6.44121280934117,4.63161619729461,3.53436856147324,3.25472688117631,4.38389195513915,4.5783374121255,2.80203783510174,2.56908784664759,3.39862928518853,4.22278962033194,8.77567482988523,7.10220928557059,4.19081721344523,3.27823540357584
Portugal,PRT,2.85303039287156,4.36990330551792,3.60034658290915,3.21899090682895,2.365362040973,2.27716394887838,3.1076654587105,2.45396528138746,2.58850657657956,-0.835530021504157,1.40257289895372,3.6530110043073,2.77333854051576,0.274416666666663,-0.278153367467428,0.48793862390472,0.607397074641719,1.36861411643482,0.993715683468233,0.338178410046124,-0.0124383299576209,1.26565719069044,7.83269124233323,4.31128191898681,2.41613187791876,2.33601620316701
Paraguay,PRY,8.98215976750022,7.26806028584825,10.5102420856612,14.2367970499143,4.32326492967491,6.80738203116377,9.58934941129229,8.13047417698577,10.1547846489023,2.59194673430567,4.65116279069765,8.2539682539683,3.67591897974496,2.68385738718582,5.02882767456766,3.12900274473925,4.08682280577241,3.60247741348943,3.97561015740694,2.75709727562775,1.76751592356698,4.787983101236,9.76556667164402,4.63202285403356,3.83540271728533,4.0380642333938
West Bank and Gaza,PSE,2.79819892435758,1.22278475878898,5.70951585976626,4.40303221730888,3.00417498638593,4.10725070715931,3.84234125624782,1.85974379351111,9.88999788691849,2.75393485083151,3.74915727597096,2.8772435849594,2.77908768282492,1.72439933626931,1.73298510037447,1.43161145810476,-0.219106604907316,0.212570934228881,-0.195107773730735,1.58018333639455,-0.735332001092191,1.23748102831369,3.74122391852077,5.87110177678988,53.6691458303782,9.80840118100493
Pacific island small states,PSS,2.34810327420263,4.05547744166415,1.96356754199195,3.01624129930394,4.96407576747217,3.9514623522091,4.42981143370254,4.36959514201881,11.0064471756381,5.31100954595293,2.10244243416258,4.87864641704221,2.0490188352116,1.60563054554341,1.45142452367373,0.648242939254492,1.07339388853343,1.58394248575812,2.89621932270298,1.40719939417024,0.386388224517504,2.47788271992717,6.37906506708423,7.92164684826777,2.45545072159028,1.43420860934971
Post-demographic dividend,PST,2.5798761121861,2.65691093929315,1.99874921149353,2.02168542857985,2.07924464636093,2.37531958977882,2.45792444195863,2.32761442623159,4.15279708110293,0.839262246793805,1.99621236745887,3.3298532335065,2.48567562177015,1.40858109183009,0.906794000434246,0.36804684232536,0.607397074641719,1.73079959118896,1.7386086198818,1.61963190184048,0.632267331911716,2.50835221473776,7.87737003690613,5.06713865364213,2.44091572720697,2.37284807226549
Qatar,QAT,1.65033522434232,1.47133434804683,0.239999999999952,2.26456504389469,6.79933665008279,8.81439532334683,11.8358096197431,13.7581625759964,15.0501451570333,-4.86327801622565,-2.42525675161714,1.13836623529202,2.31534853431661,3.22197756829293,3.34972085659523,1.8140772393776,2.6765917009819,0.394878914083005,0.255815382724408,-0.666641124861147,-2.5403150300476,2.30446565742003,4.99527553740761,3.02764899198902,1.26734310292375,
Romania,ROU,45.6665940440238,34.4770123493527,22.5398862605386,15.2734889936255,11.8743635936399,9.01491283343835,6.55851412276983,4.83732928313989,7.85080255714482,5.58742004264393,6.09141668601891,5.7892532881588,3.33492267693442,3.9847123554813,1.06830987684298,-0.594156437495203,-1.54479666813897,1.3390212110439,4.62548443137779,3.82785432599438,2.63107311184743,5.05232876096582,13.7954887432521,10.3971874764996,5.72140574354439,7.18903362292063
Russian Federation,RUS,20.7987606558704,21.4770072117159,15.7887307914463,13.6632930228666,10.8886157326216,12.6853039507349,9.66865454789265,9.00729868861079,14.1107677840442,11.6473295764118,6.84939230255025,8.4404648593257,5.07474300799149,6.75466833903486,7.82016970013845,15.5343959935701,7.04243725413707,3.68333072334495,2.87831382614981,4.47202631837903,3.38219796948068,6.69445891957612,13.7436797398232,5.86571931748967,8.43486410496723,8.71986939402666
Rwanda,RWA,3.89952980284712,3.34285506749409,1.99258542453993,7.44970014007366,12.2507102894391,9.01408918092339,8.88282654777923,9.08072205873158,15.4382138709255,12.9443978401712,-0.246128693436934,3.0801706924026,10.2710182318876,5.92426867984854,2.35449052820358,2.52850284192421,7.17434301982009,8.27953672260832,-0.311210160390699,3.34787655037648,9.85039902274207,-0.391346748300791,17.6892095588153,19.789546746467,1.77029240198635,5.913000168826
South Asia,SAS,3.24412805877163,3.05154659828612,3.75561866588351,4.73728336485164,3.93659435875237,6.07448185265313,6.28089227308195,6.583827447617,9.40488747385817,4.9768244765374,7.58152977621468,9.0694344130466,9.46940335888459,8.15339493090692,6.82864780544374,4.72755869604727,4.45355240327602,4.14162852223217,3.33139516437678,3.62894965885467,5.6602199868936,5.33853088974918,7.18461996730069,6.38250790219375,3.72320611944934,3.10423966443212
Saudi Arabia,SAU,-1.12499838517645,-1.12094804896791,0.247186492339686,0.612195358172966,0.5155078977673,0.479231671630955,2.20902314069647,4.16782358431579,9.87024816760266,5.0572227614833,5.33941733020905,5.8262163739404,2.86627029905053,3.51104209799866,2.24185348779063,1.22269318552328,2.05347076823965,-0.834845735027162,2.46594308994843,-1.19298644533328,3.37234961012303,3.06328988941548,2.47407371925372,2.32708518362706,1.68792112375809,2.08420853585036
Sudan,SDN,7.12125897172291,1.93529572095333,22.2247241495905,6.48943208673338,9.65754628605945,8.50585075933117,7.19912990114709,14.7542770780084,14.2971224481434,11.256758706301,12.9776663898014,18.0966171221351,35.5590574147024,36.5223449139154,36.9066427863595,16.9095706050977,17.750253831196,32.3516260968437,63.2925073455888,50.9940515002965,163.257782355458,359.093040778999,138.80846024176,,,
Senegal,SEN,0.731981981981597,2.97450083919566,2.33730187454299,-0.0519970242714495,0.514781781023016,1.71133325855502,2.11228583877117,5.85330428467681,7.34720236578406,-2.2480214785534,1.22868119673344,3.40322829786971,1.41822871177854,0.710245486695176,-1.09025507446895,0.135211933635165,0.837284942557434,1.31815314847789,0.460985642464188,1.76011151192939,2.54314685681662,2.18032278088147,9.69681899081073,5.93947798773215,0.804503298792438,1.45900719841385
Singapore,SGP,1.36162392448456,0.997197956155943,-0.391676866585049,0.507905300237551,1.66272719863072,0.425106276569107,0.965657519018511,2.10980166714574,6.63544058395309,0.589142019610516,2.82884527612958,5.25115624639373,4.58084479423094,2.36439793742726,1.03316955857629,-0.521975611895763,-0.529809760375464,0.576763191179996,0.438784215129623,0.567829988405447,-0.172111865925382,2.31610315765146,6.13095418919732,4.83372362825798,2.38951123595017,0.902998495002676
Solomon Islands,SLB,7.88956186986721,6.92583732057426,10.9296341872692,8.26946349334406,6.98584202682567,7.33066341633299,11.2199870214146,7.66602013484806,17.3200651968774,7.09271716876286,1.05148163321038,7.34270706018,5.91200602491155,5.3913638858756,5.16590237925171,-0.57446928635949,0.512485626268792,0.488686760261083,3.46147484973729,1.63485544012247,2.96354992076065,-0.115437894412839,5.51812928576938,5.88585897042164,4.32183948388033,3.36462189317825
Sierra Leone,SLE,,,,,,,,11.6499744518106,8.21112432289608,7.46901898540982,7.18566275668163,6.79138291952621,6.58776239392585,5.52412877994266,4.63931171409667,6.68943562498681,10.8860609413903,18.2215094003386,16.0295447693699,14.8049990906021,13.4468711101052,11.8739588840234,27.2082883814653,47.6428733253179,28.6337500014115,7.48750166612986
El Salvador,SLV,2.27128756828723,3.7508205747202,1.86552503610077,2.1203909173333,4.45194392395045,4.69094870903769,4.03712359429612,4.57808572377153,6.70792293515939,1.05595029731201,1.17933576873673,5.1289237668161,1.72973481581383,0.757669184522973,1.14134467538233,-0.731384487387957,0.60404908699661,1.0123540331558,1.09033000581892,0.0753241350024612,-0.371590212324095,3.46692585313082,7.19861615609867,4.04554694222477,0.853782292567288,0.257570528307203
San Marino,SMR,,,,,1.43083868527343,1.68548890528347,2.09525935611432,2.49894575725803,4.29320249287704,2.19959237046011,2.58541815582587,2.89979584300123,2.8273322422258,1.60439298078082,1.11296303373851,0.145686073241066,0.644075340346552,1.01413313194508,1.16333522293158,0.472651967352852,-0.133368898372915,1.61551411551421,5.32545321311365,5.93190858629403,1.24216507945569,2.29519525025037
Serbia,SRB,71.1206287946541,95.0052258100006,19.4908321579689,9.87617889729578,11.0263627183464,16.1199806482826,11.7240229980834,6.39170644391413,12.410986775178,8.11695092238082,6.14255360247248,11.1373976342129,7.33038589596646,7.69426362896655,2.08244793880154,1.39235822000187,1.12231397417769,3.13106248590115,1.95984076293801,1.84922984511086,1.57553290083415,4.08510285335102,11.9815117344703,12.3719043552519,4.6705297488997,3.8903678606001
Sub-Saharan Africa (excluding high income),SSA,4.19928825622807,5.07745045522496,5.03282275711194,6.08442811371068,4.17816000119791,6.605240855492,6.61655430536479,7.02551436974771,10.2969758221254,4.84866964640711,4.06749555950263,5.68631959575954,6.57589970757698,4.90520875694557,4.40535234185293,3.39401538410559,5.43051966119156,5.19795180719179,4.09297819300637,3.10773229242274,3.48393567493204,4.25936417542868,9.52526628622843,7.05298238454736,4.36115246518962,3.45723998944321
Sub-Saharan Africa,SSF,4.50078856262102,5.14746800222618,4.70579123746033,5.67942414068799,4.13663213144748,6.42755278070087,6.53784395299604,6.78669789038244,10.378524478798,5.00627361534047,4.02202422214216,5.36621092948077,6.58183105075141,4.88516387595471,4.4038027171436,3.47238752883652,5.30264297710325,5.18618655524149,3.91133439990729,2.867588034469,3.39862928518853,4.43905481215002,9.45801281304023,6.69759990789845,4.30009584697999,3.40373458279055
Small states,SST,2.80256405575846,3.49617199103334,2.40765801293491,2.27675969518827,3.04811107523416,3.37781903988238,3.8181247024271,4.48088608614726,8.42372566246186,2.19959237046011,2.99936630549,4.4073041447003,3.51877785642059,1.75232737350762,1.20139964481058,0.552796026277853,0.644075340346552,1.74989677484705,2.13062774274025,1.30544966502392,0.598986330824643,2.41070312174393,6.27689319447544,5.06713865364213,2.34358922540366,2.25357866335894
Sao Tome and Principe,STP,12.2089456308977,9.22203707560889,10.128724672229,9.79241974934509,13.2858860871796,17.1522049354354,23.0770373451381,18.5485136325779,31.9901039492573,16.9574758025945,13.34005235378,14.3271667616801,10.6379353431628,8.10583270875476,6.99849943966421,5.24587835022454,5.43051966119156,5.6902961992902,7.86859628873909,7.72024525213248,9.81932791540146,8.13777038378732,18.0056351122841,21.2589138473,14.3519273571008,11.0474362281814
Suriname,SUR,59.401686545079,38.5862878872611,15.5273989185702,23.0022321778219,9.98632511974878,9.89800489561465,11.2813043273975,6.42627934470524,14.6671427437912,-0.133636646714877,6.94108221639996,17.7117796414558,5.00686319367273,1.92343604108305,3.38341272749477,6.89390359168238,55.4123879763196,21.9969430173304,,,34.889784309078,59.1196626251977,52.446027276241,51.5873159600861,16.2296159130279,9.2054681878919
Slovak Republic,SVK,12.0357805974299,7.32962019115532,3.12714222984609,8.55414305406653,7.54850088183423,2.70908494588383,4.48333120449615,2.75672371638135,4.59817976325028,1.61510464058236,0.957018132975174,3.91928599146291,3.6061026352289,1.40047368963025,-0.0761653295419871,-0.325219777427765,-0.520010196278358,1.31194588223247,2.51403712883803,2.6645613342544,1.93694126694223,3.1496062992126,12.7741463637611,10.5319476645211,2.75760909424279,4.00042823495829
Slovenia,SVN,8.91174418658757,8.37966587492208,7.48077770703761,5.54416421752897,3.5929759424951,2.45150132316477,2.45792444195863,3.657495632841,5.64742380573939,0.839262246793805,1.80117022137138,1.8028517194191,2.59741386039003,1.76920085881897,0.199343826570844,-0.525552285820783,-0.0549995416705683,1.42910743319306,1.7386086198818,1.63052260754335,-0.05485681576061,1.91706506089269,8.83369886749452,7.44687717385846,1.96562656432505,2.37284807226549
Sweden,SWE,0.899143734041715,2.40595834145436,2.15848213589266,1.92565534892383,0.373659828721824,0.453170852576138,1.36021468627693,2.21216883436733,3.43704910602875,-0.494460544378051,1.15798802715626,2.9611507382214,0.888377506923735,-0.044292970148682,-0.179638494114635,-0.0467847449832812,0.984269244577992,1.79449904665599,1.95353530127028,1.78415097403835,0.497367318853572,2.16319736447143,8.36929098869189,8.5486248974891,2.83581658224034,0.679869285243995
Eswatini,SWZ,12.2085358545844,5.94210982281648,12.0197154699232,7.28999999999999,3.44533507316614,4.77400404553712,5.30463946338728,8.07608827861589,12.6574601863915,7.44823423445754,4.50923691774369,6.10742714590251,8.93964682788212,5.62130623468948,5.68134885776447,4.95124493704919,7.8472745908568,6.22137528933118,4.81506167461513,2.59801620311077,,,,,,
Seychelles,SYC,6.26876876876878,5.96962204168156,0.174999999999924,3.30255386407089,3.85730391367399,0.907187718073944,-0.353465498693756,5.32060027285142,36.9647582875289,31.7544407744178,-2.40463875108227,2.55926772230953,7.11037062326403,4.33893848329099,1.38583454581263,4.04194410725617,-1.01548191697626,2.85679575568437,3.70291839111568,1.80709400809982,1.20266463987123,9.76909936973542,2.6260363285129,-1.03530088431952,0.311726050919668,0.297589655467556
Syrian Arab Republic,SYR,-3.84615384615379,2.99999999999995,-0.130505282417402,5.79682944905841,4.43314136719839,7.24034939348535,10.0241105377571,3.90770950443607,15.7453252219709,2.92089711805367,4.3974138315007,4.7531638888563,36.7022953364139,40.0318378290723,10.9271141804297,38.4611429599733,47.7051615298923,18.0752696281771,0.940983843906769,13.4175653228571,,,,,,
Chad,TCD,3.82260088086306,12.4312865279941,5.19181895195446,-1.75256941248655,-5.35540028884816,7.89036567462993,8.03628897951331,-8.9747396200927,10.2969758221254,9.95242290748864,-2.07786574641866,2.0292405367826,7.51662364663833,0.222671564624551,1.6819731392567,4.37712665065654,-0.792440525236102,-1.5370996298084,4.27462198610545,-0.971939175419401,4.46414437232861,-0.77284437035914,5.78802687843616,10.8363568399843,8.89950732263754,-3.9119812440659
East Asia & Pacific (IDA & IBRD countries),TEA,2.15851810619419,4.27267024465105,2.3431699096098,3.23464817293925,4.53421374129692,4.54036919634536,4.63747436011764,4.81023704342912,10.3368269200353,3.67503305540297,3.61196234430296,5.15900497684403,3.02696391124796,2.92758351575671,3.37040697371653,1.08648629940414,1.75711158908291,2.88291164981213,2.91740978470444,1.93321335810515,2.3931623931624,2.6124818577648,5.82115811213955,5.93194206291787,2.20662023268446,1.9133344329508
Europe & Central Asia (IDA & IBRD countries),TEC,13.1808905865731,7.85753852196592,5.6989904786131,4.7215533660534,6.88205438981899,7.57999929125766,6.99712903535591,8.40253419005893,10.4441283764885,3.46672373207793,6.14255360247248,7.66862955607738,3.37349808387405,3.38485646137119,2.53187831406913,3.86763469978395,1.19887282892596,3.13106248590115,2.611223782638,2.67599202639893,2.73249209419427,5.10641129002836,13.8522590144267,9.36187249769015,4.23056936260083,5.10146571652018
Togo,TGO,1.86260595463067,3.91959133653146,3.05981857535884,-0.930000884072214,0.393078681031669,6.78292893028314,2.22897779414027,0.945673271705214,8.69482814363902,3.71360592035809,1.44594517430864,3.5635147290396,2.57718174055848,1.82539475909162,0.19087507624975,2.58500390801595,1.28544847051417,-0.981889868943119,0.927755426457183,0.674652770077525,1.69928463299399,4.1862150652352,7.96757361617945,5.48928568141131,2.86262074089801,0.433183451279109
Thailand,THA,1.59196917460972,1.62690887314091,0.697308976625449,1.80434994635718,2.75914926231082,4.54036919634536,4.63747436011764,2.24154095286802,5.46848949649846,-0.845716092316721,3.24758842443725,3.81191694558332,3.00948610403357,2.18617704418967,1.89455652481545,-0.898143410569433,0.186235191075453,0.664415139830893,1.06683487370758,0.705524801910317,-0.846087518861799,1.23104516549814,6.07589952842433,1.22908986612448,0.398333333333422,-0.133634356480207
Latin America & the Caribbean (IDA & IBRD countries),TLA,4.76382472733251,5.30722081028547,4.24026660688645,4.54690012118718,4.45194392395045,4.6992773903564,4.29342363628927,5.54438485815156,8.40009593987462,2.76408913513633,4.00811816256667,5.46284592944072,4.14457284086402,2.74483621896186,3.4282641481078,2.92482169718974,2.53781710390567,2.8227580554717,2.32414485367921,2.09604635327807,1.76751592356698,4.26105127422813,8.27477490232654,4.70881783212245,3.62770736940927,2.30758626602756
Timor-Leste,TLS,,,,7.16515891441839,3.23751394003321,1.11167400387198,3.93616259929866,10.3009020174895,9.06423621948942,0.669681185965433,6.76597680236481,13.499840238577,11.8003096701544,11.0849085109954,0.726275016139465,0.552796026277853,-1.33853876185163,0.557215537430361,2.63647201015892,0.958812739703141,0.495499215459571,3.69792094666786,7.00530945399787,8.42035103310377,2.06284153005468,0.428322848346937
"Middle East, North Africa, Afghanistan & Pakistan (IDA & IBRD)",TMN,2.68380535348546,2.63487860237975,2.72913569925394,3.5915443294949,4.19747083488513,4.86939696871988,6.78459655001655,4.96597654553301,13.9712310012729,3.29290021224143,3.9667790888986,5.33638269521995,6.51134364308897,5.07042922798113,3.77123895800744,2.52932817254229,3.7651191635658,4.97595150553833,4.46231108475481,3.00538949390383,3.73003191530476,5.46019980671871,8.78598837999588,7.70665764216232,3.32890533415537,1.84166666666702
Tonga,TON,6.32763551411153,8.29028318850332,10.3590607918507,11.6386219580734,10.9734053679554,8.66569221131751,6.14911606456568,5.8422487490138,10.4469875128223,1.42685972070539,3.53491239189831,6.27075302995692,1.14753853706055,0.77562932236742,2.51087633253696,-1.05399831971283,2.57815515245081,7.51706283551116,5.03209691984883,1.17954334821801,-0.349737696727419,5.64051140636743,10.9713652903022,6.35112980255182,3.18188924237472,5.59276642101027
South Asia (IDA & IBRD),TSA,3.24412805877163,3.05154659828612,3.75561866588351,4.73728336485164,3.93659435875237,6.07448185265313,6.28089227308195,6.583827447617,9.40488747385817,4.9768244765374,7.58152977621468,9.0694344130466,9.46940335888459,8.15339493090692,6.82864780544374,4.72755869604727,4.45355240327602,4.14162852223217,3.33139516437678,3.62894965885467,5.6602199868936,5.33853088974918,7.18461996730069,6.38250790219375,3.72320611944934,3.10423966443212
Sub-Saharan Africa (IDA & IBRD countries),TSS,4.50078856262102,5.14746800222618,4.70579123746033,5.67942414068799,4.13663213144748,6.42755278070087,6.53784395299604,6.78669789038244,10.378524478798,5.00627361534047,4.02202422214216,5.36621092948077,6.58183105075141,4.88516387595471,4.4038027171436,3.47238752883652,5.30264297710325,5.18618655524149,3.91133439990729,2.867588034469,3.39862928518853,4.43905481215002,9.45801281304023,6.69759990789845,4.30009584697999,3.40373458279055
Trinidad and Tobago,TTO,3.55541319666877,5.536653263223,4.1500586166472,3.8111062439687,3.72154938995965,6.87453459583516,8.32960351465347,7.89438834757299,12.0303445477177,6.97808725251547,10.5492003179988,5.1071328926456,9.26028137068292,5.19981740465611,5.68441814595659,4.66121598098264,3.07066742464024,1.88038440183532,1.01856930188822,1.00054293027237,0.598986330824643,2.05922746915458,5.82838638517959,4.62930242419968,0.526884625776839,0.994489987904821
Tunisia,TUN,2.96230794738605,1.98333333333337,2.72103284850455,2.71259247474352,3.63228004956625,2.01778641357144,3.22525337438917,2.96694432477349,4.34502807623045,3.66490330642919,3.33897963601069,3.24002842009531,4.6118443220664,5.31623531326689,4.62555099534031,4.437371273215,3.62939937384381,5.30884839565844,7.30759176031652,6.72007532863799,5.63415115897625,5.706350208307,8.30646124447623,9.32899597507865,7.20661657168794,5.15100197572676
Turkiye,TUR,54.9153705812683,54.4001887619074,44.964120947985,21.6024384490573,8.59826168115262,8.17916036802008,9.59724212288446,8.75618090972632,10.4441283764885,6.25097663090626,8.56644420552976,6.471879671151,8.89156996512163,7.49309030547693,8.85457271364316,7.67085364845885,7.7751341532833,11.1443110840764,16.3324638988929,15.1768215720022,12.2789574462574,19.5964926913324,72.3088359891207,53.8594087593315,58.5064507300342,34.8811629820306
Tanzania,TZA,5.92396109637479,5.14746800222618,5.31783366118203,5.30356621509782,4.73580143949058,5.03457009267163,7.25097262082546,7.02551436974771,10.2783937621135,12.1422278742988,6.20015595647403,12.6909694699162,16.0010938506338,7.87072364573959,6.13161432988012,5.58816952959298,5.17476629301493,5.31871605228931,3.49445848856181,3.46428057999021,3.29029062798325,3.69091958802199,4.35027204269101,3.79923291384916,3.05694676312373,3.32697361316105
Uganda,UGA,3.39202158512998,1.86512524084773,-0.287508511765196,8.68047651566884,3.72128743978228,8.44872642299532,7.31067613561864,6.1385108328505,12.0508555482886,13.0172561889185,3.97655288478168,16.5643496174515,12.6790377224659,4.90520875694557,3.07570668958641,5.58968606251725,5.70637504616212,5.20971705914209,2.61601190952274,2.867588034469,3.31332289544502,2.20457204757414,7.1957888597581,5.35094804280395,3.32338033691819,3.58082784438067
Ukraine,UKR,28.2030972388552,11.9588085390459,0.75742084639286,5.17967781908315,9.04806786050888,13.5695764909248,9.05252491133248,12.8387796190181,25.226461707384,15.8811924594476,9.37293105078978,7.95572466274652,0.568727971803862,-0.238948626045407,12.0718562874251,48.6998646434424,13.9127101997797,14.4383227488749,10.9518559353178,7.88671745611133,2.73249209419427,9.36313917695223,20.1836366617478,12.8490222828559,6.50198464669254,12.7303341026903
Upper middle income,UMC,4.06396201382596,5.34550195567142,5.03072733151295,4.22085086801267,4.76979071866839,4.61565895269152,4.63742222298699,5.28735184747553,9.82113386576177,3.03363356306333,3.82467272315376,5.55389892257493,3.73815231282227,2.70281658214477,3.03372718252381,1.78640243954172,2.04528420858843,3.31608762172158,3.12170076631027,1.93780995920407,1.8903591682421,3.92718022100332,8.81109209279587,5.0341072621757,3.18188924237472,3.20550474112603
Uruguay,URY,4.76382472733251,4.3593406521727,13.9724725913515,19.3797301743995,9.15760507540997,4.6992773903564,6.39764974385131,8.11464561179313,7.87707374730888,7.06221874388574,6.69870886978132,8.0928320630299,8.09776580573602,8.57513504005397,8.87735333229828,8.66626987079328,9.6394134763508,6.2180938256186,7.60653360377047,7.88198870879619,9.75640636078194,7.74791402314762,9.10437983075437,5.86910359896119,4.84914366613156,4.65032720433324
United States,USA,3.37685727149929,2.82617111885407,1.58603162650601,2.27009497336115,2.67723669309172,3.3927468454955,3.22594410070404,2.85267248150138,3.839100296651,-0.355546266299747,1.6400434423899,3.156841568622,2.06933726526067,1.46483265562717,1.62222297740817,0.118627135552451,1.26158320570536,2.13011000365961,2.44258329692817,1.81221007526021,1.23358439630629,4.69785886363742,8.00279982052121,4.11633838374488,2.94952520485207,
St. Vincent and the Grenadines,VCT,0.167679637488279,0.9008584858665,1.85550399046655,0.205981708824254,2.96003946719286,3.7334291646702,2.74067516070673,7.23614701584807,10.0662418245849,0.421539125687215,0.747109026311474,3.1860311155246,2.59844414147101,0.805127804267928,0.193858560794015,-1.73361194953959,-0.149641647633284,2.15333648840511,2.32414485367921,0.91306972532459,-0.628131309354654,1.57272932500558,5.66009779226552,4.56457719814894,3.62770736940927,0.815322893749171
Viet Nam,VNM,-1.71033727851111,-0.43154451172818,3.83082838168468,3.23464817293925,7.75494748709606,8.28457243128667,7.41801715108469,8.34444889773847,23.1154483474477,6.71698269988631,9.20746648778413,18.6777322770706,9.09470339557193,6.59267475899192,4.08455446637625,0.631200905175685,2.66824816969082,3.52025688811618,3.53962805942641,2.79582367452244,3.22093436652515,1.83471554810462,3.15650749963112,3.25289282667662,3.62109273885844,3.3099931421974
Vanuatu,VUT,2.53768844221106,3.57755452095074,1.96356754199195,3.01624129930394,1.41891891891893,1.19920053297801,2.04081632653062,3.93548387096774,4.84171322160149,4.29706572955357,2.76269469477348,0.8737931047811,1.34740362877658,1.45893371757921,0.798863838097023,2.48326875660439,0.842069084035061,3.08452624403546,2.33096379566866,2.76252019386111,5.32935073101715,2.34328358208953,6.67930581887121,11.1825017088175,1.14348948727412,0.656455142231905
World,WLD,3.43351563418764,3.83657262052543,2.90799688587762,3.02504526252236,3.51799903099596,4.10725070715931,4.26717463390264,4.81023704342912,8.94995335353387,2.86044855902674,3.32634463368643,4.80063594169405,3.72532666110646,2.65167342916577,2.39371597209796,1.43702380935655,1.59691227583204,2.22314331448899,2.44258329692817,2.20607305781525,1.90509722047501,3.47540320289875,8.08169507021982,5.79944107391962,3.01447576977999,3.0414132155654
Samoa,WSM,0.966782350024729,3.83828463867725,8.0503144654087,0.115830115830107,16.3131507905901,1.85676392572949,3.70008680555553,5.57706393219629,11.565906838454,6.32495336235228,0.777007268777692,5.23541591478434,2.0490188352116,0.61008572090503,-0.40681608842489,0.724470134874729,1.30471869303179,1.74989677484705,4.19745888663752,0.982326569888117,-1.56891247740895,3.13320473174494,10.9618822286844,7.92164684826777,2.17245530514377,2.2119620764675
Kosovo,XKX,,,,-1.08481262327414,-1.06472696605525,-1.38518913159299,0.621646938601728,4.35849695328369,9.35041764658178,-2.41026401661229,3.48050763735842,7.3364177131527,2.47673782156533,1.76732428354892,0.428957808324092,-0.536929392740659,0.273169431045468,1.48823430592319,1.05379773654991,2.67599202639893,0.198227922994854,3.35369139207997,11.5805104542012,4.94432438791283,1.61944994559476,3.85953869869506
South Africa,ZAF,5.33895913599828,5.70189483049608,9.494713780996,5.67942414068799,-0.692039437857687,2.06285308223427,3.2439076541923,6.17781214809388,9.90998456005467,7.23809523809527,4.06749555950263,5.0008533879502,5.73797139141739,5.78016910069176,6.13282953059149,4.51869094892506,6.60290842394872,5.18618655524149,4.50987264867388,4.10285075461156,3.23238831615113,4.61874544887136,7.03987272546482,6.0752438457966,4.36115246518962,3.20550474112603
Zambia,ZMB,26.0304117888121,21.3937821792546,22.2333446430947,21.4015783901995,17.9677891087286,18.324439701174,9.01957247226486,10.6573496000153,12.4455793463192,13.3952546325895,8.50176133365265,6.4293968107234,6.57589970757698,6.97767605490307,7.80687553566333,10.1105928909618,17.8697300795268,6.57731154205644,7.4945719272852,9.15031644316296,15.7330604721369,22.0207676245777,10.9932039209136,10.884531691282,14.9856262747939,13.9099095827735
